"","순번","시도본부","소방서","119안전센터명","주소","전화번호","lat","long"
"1",1,"서울소방재난본부","종로소방서","세종로","서울특별시 종로구 종로1길 28 (수송동)","02-734-0119","37.572852","126.978909"
"2",2,"서울소방재난본부","종로소방서","신교","서울특별시 종로구 자하문로 93 (신교동)","02-736-0119","37.584279","126.970028"
"3",3,"서울소방재난본부","종로소방서","종로","서울특별시 종로구 돈화문로 30 (묘동)","02-764-0119","37.57114","126.991994"
"4",4,"서울소방재난본부","종로소방서","연건","서울특별시 종로구 대학로 91 (연건동)","02-762-0119","37.579414","127.001835"
"5",5,"서울소방재난본부","종로소방서","신영","서울특별시 종로구 진흥로 477 (신영동)","02-391-0119","37.605796","126.960846"
"6",6,"서울소방재난본부","종로소방서","숭인","서울특별시 종로구 숭인동길 63 (숭인동)","02-929-0921","37.577764","127.021707"
"7",7,"서울소방재난본부","중부소방서_서울","무학","서울특별시 중구 퇴계로 394 (무학동)","02-2252-3311","37.564866","127.015379"
"8",8,"서울소방재난본부","중부소방서_서울","을지로","서울특별시 중구 을지로45길 43 (신당동)","02-2235-0119","37.566728","127.012026"
"9",9,"서울소방재난본부","중부소방서_서울","충무로","서울특별시 중구 충무로 11 (충무로3가)","02-2265-0119","37.562156","126.992913"
"10",10,"서울소방재난본부","중부소방서_서울","회현","서울특별시 중구 소공로 30 (회현동2가)","02-775-0119","37.558208","126.983365"
"11",11,"서울소방재난본부","중부소방서_서울","신당","서울특별시 중구 다산로8길 2 (신당동)","02-2238-0698","37.552926","127.009641"
"12",12,"서울소방재난본부","광진소방서","구의","서울특별시 광진구 광나루로 480 (구의동)","02-447-1194","37.544826","127.082778"
"13",13,"서울소방재난본부","광진소방서","능동","서울특별시 광진구 능동로 242 (능동)","02-447-0119","37.551676","127.076991"
"14",14,"서울소방재난본부","광진소방서","중곡","서울특별시 광진구 용마산로 150 (중곡동)","02-453-2119","37.566949","127.086644"
"15",15,"서울소방재난본부","성동소방서","행당(구 송정)","서울특별시 성동구 살곶이길 331(행당동)","02-2622-1605","37.553756","127.039485"
"16",16,"서울소방재난본부","성동소방서","왕십리(구 행당)","서울특별시 성동구 고산자로 249 (도선동)","02-2622-1761","37.562037","127.035475"
"17",17,"서울소방재난본부","성동소방서","성동_금호","서울특별시 성동구 난계로 19 (금호동1가)","02-2622-1771","37.554007","127.024209"
"18",18,"서울소방재난본부","성동소방서","성수","서울특별시 성동구 뚝섬로 452 (성수동2가)","02-2622-1751","37.537176","127.060655"
"19",19,"서울소방재난본부","용산소방서","한강로","서울특별시 용산구 한강대로 167 (한강로2가)","02-793-0119","37.534107","126.971507"
"20",20,"서울소방재난본부","용산소방서","이태원","서울특별시 용산구 이태원로 196 (이태원동)","02-798-0119","37.534373","126.9958"
"21",21,"서울소방재난본부","용산소방서","후암","서울특별시 용산구 후암로 34 (후암동)","02-754-0119","37.54893","126.977889"
"22",22,"서울소방재난본부","용산소방서","이촌","서울특별시 용산구 이촌로2가 1 (이촌동)","02-712-0119","37.531384","126.955346"
"23",23,"서울소방재난본부","용산소방서","서빙고","서울특별시 용산구 서빙고로67길 7(서빙고동)","02-795-7119","37.520833","126.99501"
"24",24,"서울소방재난본부","동대문소방서","동대문_장안","서울특별시 동대문구 장한로 34 (장안동)","02-2245-0119","37.563754","127.066725"
"25",25,"서울소방재난본부","동대문소방서","청량리","서울특별시 동대문구 왕산로 299 (청량리동)","02-962-0119","37.587165","127.052317"
"26",26,"서울소방재난본부","동대문소방서","전농","서울특별시 동대문구 황물로 3 (전농동)","02-2215-0119","37.576309","127.046018"
"27",27,"서울소방재난본부","동대문소방서","용두","서울특별시 동대문구 왕산로 76 (용두동)","02-928-0119","37.577849","127.031746"
"28",28,"서울소방재난본부","동대문소방서","휘경","서울특별시 동대문구 망우로 106 (휘경동)","02-2213-0119","37.590659","127.065143"
"29",29,"서울소방재난본부","중랑소방서","신내","서울특별시 중랑구 신내로 183 (신내동)","02-3422-1196","37.615386","127.094887"
"30",30,"서울소방재난본부","중랑소방서","면목","서울특별시 중랑구 동일로 475 (면목동)","02-491-5119","37.572823","127.079879"
"31",31,"서울소방재난본부","중랑소방서","망우","서울특별시 중랑구 용마산로 524 (망우동)","02-493-7119","37.597787","127.10058"
"32",32,"서울소방재난본부","중랑소방서","중화","서울특별시 중랑구 동일로 783 (중화동)","02-496-1191","37.60046","127.079334"
"33",33,"서울소방재난본부","영등포소방서","영등포","서울특별시 영등포구 문래로 197 (영등포동4가)","02-2676-0119","37.518439","126.904189"
"34",34,"서울소방재난본부","영등포소방서","여의도","서울특별시 영등포구 의사당대로 162 (여의도동)","02-783-0119","37.517225","126.927974"
"35",35,"서울소방재난본부","영등포소방서","당산","서울특별시 영등포구 양평로 70-1 (당산동6가)","02-2633-0119","37.535497","126.899193"
"36",36,"서울소방재난본부","영등포소방서","대림","서울특별시 영등포구 도림로 212 (신길동)","02-846-0119","37.497313","126.904061"
"37",37,"서울소방재난본부","영등포소방서","신길","서울특별시 영등포구 영등포로84길 31 (신길동)","02-834-0119","37.510428","126.922193"
"38",38,"서울소방재난본부","성북소방서","종암","서울특별시 성북구 종암로27길 3 (종암동)","02-925-1119","37.602423","127.031747"
"39",39,"서울소방재난본부","성북소방서","돈암","서울특별시 성북구 보문로 192 (삼선동4가)","02-925-1158","37.590988","127.014439"
"40",40,"서울소방재난본부","성북소방서","길음","서울특별시 성북구 정릉로 321 (길음동)","02-987-0272","37.60282","127.019211"
"41",41,"서울소방재난본부","성북소방서","장위","서울특별시 성북구 한천로 640 (장위동)","02-917-0344","37.615617","127.058227"
"42",42,"서울소방재난본부","도봉소방서","방학","서울특별시 도봉구 도봉로 666 (방학동)","02-3492-9113","37.664006","127.043019"
"43",43,"서울소방재난본부","도봉소방서","도봉","서울특별시 도봉구 도봉로 721 (방학동)","02-3492-0119","37.668936","127.043095"
"44",44,"서울소방재난본부","도봉소방서","창동","서울특별시 도봉구 해등로 25 (창동)","02-998-9117","37.646762","127.043735"
"45",45,"서울소방재난본부","도봉소방서","쌍문","서울특별시 도봉구 노해로 152 (쌍문동)","02-996-0119","37.648198","127.026816"
"46",46,"서울소방재난본부","노원소방서","하계","서울특별시 노원구 한글비석로1길 8 (하계동)","02-972-1119","37.638255","127.071107"
"47",47,"서울소방재난본부","노원소방서","상계","서울특별시 노원구 노원로26길 111 (상계동)","02-936-0119","37.655052","127.071625"
"48",48,"서울소방재난본부","노원소방서","공릉","서울특별시 노원구 화랑로 482 (공릉동)","02-976-0119","37.619061","127.080693"
"49",49,"서울소방재난본부","노원소방서","월계","서울특별시 노원구 월계로 323 (월계동)","02-907-0119","37.62881","127.056394"
"50",50,"서울소방재난본부","노원소방서","수락","서울특별시 노원구 동일로 1694 (상계동)","02-937-6119","37.67974","127.055777"
"51",51,"서울소방재난본부","은평소방서","진관","서울특별시 은평구 통일로 962(진관동)","02-354-0119","37.628991","126.919945"
"52",52,"서울소방재난본부","은평소방서","녹번","서울특별시 은평구 은평로 245 (녹번동)","02-387-0119","37.601105","126.935146"
"53",53,"서울소방재난본부","은평소방서","역촌","서울특별시 은평구 갈현로 80 (역촌동)","02-352-2119","37.604991","126.91067"
"54",54,"서울소방재난본부","은평소방서","수색","서울특별시 은평구 수색로 294 (수색동)","02-376-0119","37.58407","126.892144"
"55",55,"서울소방재난본부","서대문소방서","서대문_연희","서울특별시 서대문구 연희로 182 (연희동)","02-336-0119","37.573205","126.935996"
"56",56,"서울소방재난본부","서대문소방서","북가좌","서울특별시 서대문구 증가로 242 (북가좌동)","02-372-0119","37.582864","126.913004"
"57",57,"서울소방재난본부","서대문소방서","홍은","서울특별시 서대문구 홍은중앙로 83 (홍은동)","02-379-9119","37.598723","126.947029"
"58",58,"서울소방재난본부","서대문소방서","미근","서울특별시 서대문구 통일로 113 (미근동)","02-3147-0119","37.564787","126.967086"
"59",59,"서울소방재난본부","마포소방서","신수","서울특별시 마포구 창전로 76 (신수동)","02-716--9121","37.549373","126.933178"
"60",60,"서울소방재난본부","마포소방서","염리","서울특별시 마포구 토정로 37길 27 (염리동)","02-713-0965","37.541734","126.945573"
"61",61,"서울소방재난본부","마포소방서","서교","서울특별시 마포구 양화로 60 (서교동)","02-3143-2119","37.550285","126.915544"
"62",62,"서울소방재난본부","마포소방서","마포_성산","서울특별시 마포구 월드컵북로 240 (성산동)","02-304-0119","37.570609","126.903058"
"63",63,"서울소방재난본부","마포소방서","공덕","서울특별시 마포구 만리재옛길 82 (공덕동)","02-3274-0976","37.550049","126.959767"
"64",64,"서울소방재난본부","마포소방서","상암","서울특별시 마포구 월드컵북로 42길 34 (상암동)","02-309-5119","37.576093","126.899408"
"65",65,"서울소방재난본부","강남소방서","강남_삼성","서울특별시 강남구 테헤란로 629 (삼성동)","02-567-0119","37.510279","127.06683"
"66",66,"서울소방재난본부","강남소방서","영동","서울특별시 강남구 도산대로 320 (논현동)","02-517-5119","37.522143","127.036934"
"67",67,"서울소방재난본부","강남소방서","역삼","서울특별시 강남구 역삼로 236 (역삼동)","02-557-0109","37.49713","127.042447"
"68",68,"서울소방재난본부","강남소방서","수서","서울특별시 강남구 광평로31길 6 (수서동)","02-445-9019","37.484927","127.092842"
"69",69,"서울소방재난본부","강남소방서","개포","서울특별시 강남구 논현로 10길 19 (개포동)","02-577-2540","37.4747","127.049895"
"70",70,"서울소방재난본부","서초소방서","반포","서울특별시 서초구 사평대로 67 (반포동)","02-534-0119","37.49845","126.991933"
"71",71,"서울소방재난본부","서초소방서","방배","서울특별시 서초구 남부순환로 2155 (방배동)","02-582-0119","37.4755","126.98821"
"72",72,"서울소방재난본부","서초소방서","양재","서울특별시 서초구 동산로 9 (양재동)","02-572-5523","37.469463","127.040825"
"73",73,"서울소방재난본부","서초소방서","서초","서울특별시 서초구 효령로 400 (서초동)","02-3473-0119","37.488032","127.027597"
"74",74,"서울소방재난본부","서초소방서","잠원","서울특별시 서초구 서초중앙로29길 6 (반포동)","02-532-7119","37.499072","127.011601"
"75",75,"서울소방재난본부","서초소방서","우면","서울특별시 서초구 남부순환로340길 49 (서초동)","02-522-6119","37.479576","127.021885"
"76",76,"서울소방재난본부","관악소방서","관악","서울특별시 관악구 관악로 97 (봉천동)","02-874-7119","37.473646","126.95249"
"77",77,"서울소방재난본부","관악소방서","봉천","서울특별시 관악구 은천로 54 (봉천동)","02-886-0119","37.485949","126.941114"
"78",78,"서울소방재난본부","관악소방서","관악_신림","서울특별시 관악구 봉천로 202 (신림동)","02-874-0119","37.489633","126.923987"
"79",79,"서울소방재난본부","관악소방서","난곡","서울특별시 관악구 난곡로 243 (신림동)","02-859-0119","37.47569","126.91607"
"80",80,"서울소방재난본부","동작소방서","동작","서울특별시 동작구 여의대방로16길 55(신대방동)","02-848-1088","37.494672","126.917719"
"81",81,"서울소방재난본부","동작소방서","노량진","서울특별시 동작구 노량진로 187 (노량진동)","02-813-0119","37.51367","126.946944"
"82",82,"서울소방재난본부","동작소방서","상도","서울특별시 동작구 국사봉1길 17 (상도동)","02-821-1119","37.49904","126.929475"
"83",83,"서울소방재난본부","동작소방서","동작_백운","서울특별시 동작구 사당로 63 (상도동)","02-817-0119","37.494802","126.96159"
"84",84,"서울소방재난본부","강서소방서_서울","등촌","서울특별시 강서구 양천로 550 (등촌동)","02-3662-9119","37.558246","126.860047"
"85",85,"서울소방재난본부","강서소방서_서울","화곡","서울특별시 강서구 까치산로 49 (화곡동)","02-2602-0119","37.543665","126.845224"
"86",86,"서울소방재난본부","강서소방서_서울","발산","서울특별시 강서구 강서로 329 (내발산동)","02-2663-0119","37.555261","126.836861"
"87",87,"서울소방재난본부","강서소방서_서울","방화","서울특별시 강서구 금낭화로26길 10 (방화동)","02-2665-3115","37.579794","126.814282"
"88",88,"서울소방재난본부","강서소방서_서울","개화","서울특별시 강서구 개화동로19길 8 (개화동)","02-2662-7119","37.575","126.803146"
"89",89,"서울소방재난본부","양천소방서","양천","서울특별시 양천구 목동서로 180 (목동)","02-2643-4119","37.530236","126.872342"
"90",90,"서울소방재난본부","양천소방서","양천_신정","서울특별시 양천구 신월로 268 (신정동)","02-2603-0119","37.521776","126.850956"
"91",91,"서울소방재난본부","양천소방서","목동","서울특별시 양천구 안양천로 1139 (목동)","02-2249-0119","37.542778","126.883553"
"92",92,"서울소방재난본부","양천소방서","양천_신월","서울특별시 양천구 남부순환로 448 (신월동)","02-2691-4119","37.527926","126.833085"
"93",93,"서울소방재난본부","양천소방서","신트리","서울특별시 양천구 신정로 238 (신정동)","02-2691-1113","37.51061","126.847985"
"94",94,"서울소방재난본부","강동소방서","성내","서울특별시 강동구 성내로 39 (성내동)","02-470-1720","37.529292","127.12497"
"95",95,"서울소방재난본부","강동소방서","천호","서울특별시 강동구 진황도로 37 (천호동)","02-474-1721","37.53862","127.13137"
"96",96,"서울소방재난본부","강동소방서","강동_고덕","서울특별시 강동구 양재대로156길 133 (고덕동)","02-426-0431","37.55718","127.152008"
"97",97,"서울소방재난본부","강동소방서","암사","서울특별시 강동구 올림픽로 815 (암사동)","02-429-0427","37.553989","127.128636"
"98",98,"서울소방재난본부","강동소방서","길동","서울특별시 강동구 천중로 215 (길동)","02-487-6119","37.540977","127.144353"
"99",99,"서울소방재난본부","송파소방서","마천","서울특별시 송파구 오금로51길 56 (마천동)","02-3401-2119","37.499833","127.142592"
"100",100,"서울소방재난본부","송파소방서","거여","서울특별시 송파구 마천로 329 (마천동)","02-400-0119","37.494163","127.151828"
"101",101,"서울소방재난본부","송파소방서","방이","서울특별시 송파구 강동대로 286 (방이동)","02-409-0059","37.519785","127.136572"
"102",102,"서울소방재난본부","송파소방서","잠실","서울특별시 송파구 석촌호수로 151 (잠실동)","02-422-0119","37.507316","127.093893"
"103",103,"서울소방재난본부","송파소방서","운동장","서울특별시 송파구 올림픽로 25 (잠실동)","02-2203-2380","37.51346","127.076571"
"104",104,"서울소방재난본부","송파소방서","가락","서울특별시 송파구 양재대로 932 (가락동)","02-409-0045","37.491267","127.11198"
"105",105,"서울소방재난본부","구로소방서","고일","서울특별시 구로구 경인로 408 (고척동)","02-2619-0119","37.497958","126.865625"
"106",106,"서울소방재난본부","구로소방서","수궁","서울특별시 구로구 오리로 1285 (궁동)","02-2685-6119","37.496264","126.829543"
"107",107,"서울소방재난본부","구로소방서","고척","서울특별시 구로구 고척로 195 (고척동)","02-2618-3104","37.504929","126.854865"
"108",108,"서울소방재난본부","구로소방서","구로","서울특별시 구로구 구로동로 175 (구로동)","02-855-1119","37.494227","126.882548"
"109",109,"서울소방재난본부","구로소방서","독산","서울특별시 금천구 시흥대로 386 (독산동)","02-869-1119","37.467895","126.898274"
"110",110,"서울소방재난본부","구로소방서","구로_시흥","서울특별시 금천구 시흥대로45길 31 (시흥동)","02-806-1119","37.448548","126.900483"
"111",111,"서울소방재난본부","구로소방서","신도림","서울특별시 구로구 경인로59길 57 (신도림동)","02-2671-8119","37.507324","126.881213"
"112",112,"서울소방재난본부","구로소방서","구로_공단","서울특별시 구로구 디지털로34길 56 (구로동)","02-855-0119","37.484225","126.898433"
"113",113,"서울소방재난본부","강북소방서_서울","번동","서울 강북구 한천로 911","02-6946-0250","37.633051","127.038181"
"114",114,"서울소방재난본부","강북소방서_서울","우이","서울특별시 강북구 삼각산로 111 (수유동)","02-998-9116","37.640895","127.016545"
"115",115,"서울소방재난본부","강북소방서_서울","미아","서울특별시 강북구 도봉로 125 (미아동)","02-983-9111","37.620022","127.028295"
"116",116,"서울소방재난본부","강북소방서_서울","삼각산","서울특별시 강북구 솔샘로 208 (미아동)","02-983-5119","37.619862","127.015503"
"117",117,"부산소방안전본부","중부소방서_부산","중부(부산)_중앙","부산광역시 중구 중앙대로 110(중앙동4가)","051-760-6111","35.10721","129.036646"
"118",118,"부산소방안전본부","중부소방서_부산","부민","부산광역시 서구 임시수도기념로 21-4(부민동3가)","051-760-6121","35.10323","129.018593"
"119",119,"부산소방안전본부","중부소방서_부산","충무","부산광역시 서구 충무대로 186(남부민동)","051-760-6131","35.08711","129.024783"
"120",120,"부산소방안전본부","중부소방서_부산","창선","부산광역시 중구 대청로 68-1(부평동)","051-760-6141","35.102848","129.027344"
"121",121,"부산소방안전본부","중부소방서_부산","초량","부산광역시 동구 중앙대로 260번길 7-3(초량동)","051-760-6151","35.119649","129.043269"
"122",122,"부산소방안전본부","부산진소방서","범일","부산광역시 동구 범일로 115(범일동)","051-760-6211","35.140432","129.059044"
"123",123,"부산소방안전본부","부산진소방서","부전","부산광역시 부산진구 서전로 43(전포동)","051-760-6221","35.158178","129.064618"
"124",124,"부산소방안전본부","부산진소방서","수정","부산광역시 동구 중앙대로 383-1(수정동)","051-760-6231","35.129613","129.049216"
"125",125,"부산소방안전본부","부산진소방서","부산진_가야","부산광역시 부산진구 가야대로 627(가야동)","051-760-6241","35.15575","129.04039"
"126",126,"부산소방안전본부","부산진소방서","부암","부산광역시 부산진구 신천대로 282(부암동)","051-760-6251","35.166904","129.050729"
"127",127,"부산소방안전본부","부산진소방서","당감","부산광역시 부산진구 백양산로53번길 65(당감동)","051-760-6261","35.171689","129.028526"
"128",128,"부산소방안전본부","동래소방서","동래_연산","부산광역시 연제구 고분로 216(연산동)","051-760-6311","35.184247","129.106095"
"129",129,"부산소방안전본부","동래소방서","수안","부산광역시 동래구 명륜로45번길 7(수안동)","051-760-6321","35.198151","129.083814"
"130",130,"부산소방안전본부","동래소방서","온천","부산광역시 동래구 우장춘로 196(온천동)","051-760-6331","35.223263","129.077604"
"131",131,"부산소방안전본부","동래소방서","양정","부산광역시 부산진구 연제로9번길 42(양정동)","051-760-6341","35.17539","129.075896"
"132",132,"부산소방안전본부","동래소방서","동래_사직","부산광역시 동래구 체육공원로 74(사직동)","051-760-6351","35.194662","129.059243"
"133",133,"부산소방안전본부","북부소방서_부산","삼락","부산광역시 사상구 삼덕로 17(삼락동)","051-760-6411","35.174526","128.978757"
"134",134,"부산소방안전본부","북부소방서_부산","감전","부산광역시 사상구 가야대로 41(감전동)","051-760-6421","35.151862","128.977391"
"135",135,"부산소방안전본부","북부소방서_부산","구포","부산광역시 북구 만덕대로 31(덕천동)","051-760-6431","35.211146","129.008364"
"136",136,"부산소방안전본부","북부소방서_부산","화명","부산광역시 북구 금곡대로 184(화명동)","051-760-6441","35.22527","129.01031"
"137",137,"부산소방안전본부","북부소방서_부산","주례","부산광역시 사상구 양지로22번길 7(주례동)","051-760-6451","35.154075","129.004149"
"138",138,"부산소방안전본부","북부소방서_부산","모라","부산광역시 사상구 백양대로 950(모라동)","051-760-6461","35.190978","128.99226"
"139",139,"부산소방안전본부","북부소방서_부산","학장","부산광역시 사상구 학감대로 89(학장동)","051-760-6471","35.139678","128.990454"
"140",140,"부산소방안전본부","북부소방서_부산","금곡","부산광역시 북구 금곡대로616번길 151(금곡동)","051-760-6491","35.267272","129.017666"
"141",141,"부산소방안전본부","북부소방서_부산","만덕","부산광역시 북구 함박봉로 142(만덕동)","051-760-6441","35.204809","129.033189"
"142",142,"부산소방안전본부","사하소방서","사하_신평","부산광역시 사하구 장평로 270(신평동)","051-760-6511","35.089982","128.973846"
"143",143,"부산소방안전본부","사하소방서","괴정","부산광역시 사하구 낙동대로 262(괴정동)","051-760-6521","35.099421","128.988383"
"144",144,"부산소방안전본부","사하소방서","하단","부산광역시 사하구 낙동남로 1407(하단동)","051-760-6431","35.106524","128.965591"
"145",145,"부산소방안전본부","사하소방서","다대","부산광역시 사하구 다대로 622(다대동)","051-760-6541","35.051179","128.97037"
"146",146,"부산소방안전본부","사하소방서","감천","부산광역시 사하구 원양로 405(감천동)","051-760-6551","35.086301","129.004796"
"147",147,"부산소방안전본부","해운대소방서","우동","부산광역시 해운대구 해운대해변로 106(우동)","051-760-6611","35.15956","129.143703"
"148",148,"부산소방안전본부","해운대소방서","해운대_중동","부산광역시 해운대구 달맞이길 117번길 72(중동)","051-760-6621","35.160683","129.17585"
"149",149,"부산소방안전본부","해운대소방서","반여","부산광역시 해운대구 선수촌로 21번길 64(반여동)","051-760-6631","35.197522","129.11781"
"150",150,"부산소방안전본부","해운대소방서","좌동","부산광역시 해운대구 대천로 67번길 35(좌동)","051-760-6641","35.173646","129.166472"
"151",151,"부산소방안전본부","해운대소방서","센텀","부산광역시 해운대구 센텀동로 50(우동)","051-760-6651","35.173761","129.130799"
"152",152,"부산소방안전본부","금정소방서","금정_부곡","부산광역시 금정구 중앙대로 1789(부곡동)","051-760-6711","35.243881","129.092379"
"153",153,"부산소방안전본부","금정소방서","서동","부산광역시 동래구 반송로 331(명장동)","051-760-6721","35.20903","129.103304"
"154",154,"부산소방안전본부","금정소방서","금정_남산","부산광역시 금정구 두실로 46(남산동)","051-760-6731","35.261428","129.086885"
"155",155,"부산소방안전본부","금정소방서","반송","부산광역시 해운대구 아랫반송로 10(반송동)","051-760-6741","35.225382","129.146992"
"156",156,"부산소방안전본부","금정소방서","산성산악","부산광역시 금정구 산성로 396(금성동)","051-760-6751","35.250905","129.050675"
"157",157,"부산소방안전본부","남부소방서_부산","광안","부산광역시 수영구 광일로 64(광안동)","051-760-6811","35.163161","129.107042"
"158",158,"부산소방안전본부","남부소방서_부산","감만","부산광역시 남구 우암로 81(감만동)","051-760-6821","35.117717","129.080533"
"159",159,"부산소방안전본부","남부소방서_부산","대연","부산광역시 남구 수영로 279(대연동)","051-760-6831","35.13622","129.097029"
"160",160,"부산소방안전본부","남부소방서_부산","망미","부산광역시 수영구 과정로55번길 16(망미동)","051-760-6841","35.176336","129.106417"
"161",161,"부산소방안전본부","남부소방서_부산","용당","부산광역시 남구 신선로 398(용당동)","051-760-6851","35.120656","129.098631"
"162",162,"부산소방안전본부","강서소방서_부산","녹산","부산광역시 강서구 녹산산단361로 9(송정동)","051-760-6011","35.089597","128.856794"
"163",163,"부산소방안전본부","강서소방서_부산","신호","부산광역시 강서구 신호산단4로 62(신호동)","051-760-6021","35.085481","128.879555"
"164",164,"부산소방안전본부","강서소방서_부산","대저","부산광역시 강서구 대저로221번길 25(대저동)","051-760-6031","35.21569","128.976878"
"165",165,"부산소방안전본부","강서소방서_부산","강동","부산광역시 강서구 제도로 696(강동동)","051-760-6041","35.174774","128.916035"
"166",166,"부산소방안전본부","강서소방서_부산","지사","부산광역시 강서구 과학산단로 333번길 3(지사동)","051-760-6051","35.1486","128.833205"
"167",167,"부산소방안전본부","기장소방서","정관","부산광역시 기장군 정관면 용수로 7(정관읍)","051-760-5411","35.324818","129.1799"
"168",168,"부산소방안전본부","기장소방서","기장","부산광역시 기장군 기장읍 차성동로 5번길 16(기장읍)","051-760-5421","35.238555","129.215523"
"169",169,"부산소방안전본부","기장소방서","기장_송정","부산광역시 해운대구 송정중앙로 15번길 16(송정동)","051-760-5431","35.183814","129.203029"
"170",170,"부산소방안전본부","기장소방서","장안","부산광역시 기장군 장안산단 3로 43(장안읍)","051-760-5441","35.333035","129.263278"
"171",171,"부산소방안전본부","항만소방서","동삼","부산광역시 영도구 해양로 297(동삼동)","051-760-6911","35.081788","129.076864"
"172",172,"부산소방안전본부","항만소방서","영선","부산광역시 영도구 태종로 115(영선동)","051-760-6921","35.091067","129.043328"
"173",173,"부산소방안전본부","항만소방서","부두","부산광역시 동구 충장대로 236(좌천동)","051-760-6931","35.122615","129.048214"
"174",174,"부산소방안전본부","항만소방서","항만_청학","부산광역시 영도구 태종로 274(청학동)","051-760-6941","35.098146","129.056583"
"175",175,"대구소방안전본부","중부소방서_대구","남산","대구광역시 중구 달구벌대로 1926","053-601-4571","35.862202","128.575241"
"176",176,"대구소방안전본부","중부소방서_대구","서문로","대구광역시 중구 경상감영길 45","053-601-4572","35.871573","128.589982"
"177",177,"대구소방안전본부","중부소방서_대구","대신","대구광역시 중구 큰장로26길 45","053-601-4574","35.868907","128.580772"
"178",178,"대구소방안전본부","중부소방서_대구","삼덕","대구광역시 중구 공평로 35","053-601-4575","35.867189","128.599669"
"179",179,"대구소방안전본부","중부소방서_대구","명덕","대구광역시 남구 명덕로34길 22","053-601-4577","35.855519","128.587201"
"180",180,"대구소방안전본부","중부소방서_대구","봉덕","대구광역시 남구 희망로3길 29","053-601-4573","35.849025","128.599284"
"181",181,"대구소방안전본부","중부소방서_대구","대명","대구광역시 남구 현충로15길 21-81","053-601-4576","35.837386","128.579056"
"182",182,"대구소방안전본부","중부소방서_대구","성명","대구광역시 남구 대명남로 12-1","053-601-4578","35.833398","128.560147"
"183",183,"대구소방안전본부","동부소방서_대구","신천","대구광역시 동구 동대구로 507","053-605-5320","35.875987","128.625223"
"184",184,"대구소방안전본부","동부소방서_대구","동촌","대구광역시 동구 해동로 180","053-605-5330","35.88671","128.648444"
"185",185,"대구소방안전본부","동부소방서_대구","안심","대구광역시 동구 반야월로 291","053-605-5340","35.872214","128.720409"
"186",186,"대구소방안전본부","동부소방서_대구","불로","대구광역시 동구 팔공로50길 19","053-605-5350","35.921995","128.643942"
"187",187,"대구소방안전본부","동부소방서_대구","공산","대구광역시 동구 팔공산로 1579","053-605-5360","35.962771","128.697732"
"188",188,"대구소방안전본부","동부소방서_대구","율하","대구광역시 동구 율하동로8길 5","053-605-5370","35.862098","128.701949"
"189",189,"대구소방안전본부","서부소방서_대구","평리","대구광역시 서구 달서천로 186","053-320-4492","35.881875","128.554386"
"190",190,"대구소방안전본부","서부소방서_대구","읍내","대구광역시 북구 칠곡중앙대로 570","053-321-0119","35.946492","128.551501"
"191",191,"대구소방안전본부","서부소방서_대구","이현","대구광역시 서구 국채보상로 119","053-552-0119","35.869081","128.544139"
"192",192,"대구소방안전본부","서부소방서_대구","비산","대구광역시 서구 달서로 206","053-566-0119","35.880454","128.572018"
"193",193,"대구소방안전본부","서부소방서_대구","태전","대구광역시 북구 칠곡중앙대로 184","053-312-0119","35.912352","128.548841"
"194",194,"대구소방안전본부","서부소방서_대구","내당","대구광역시 서구 서대구로3길 16","053-557-0119","35.859437","128.555263"
"195",195,"대구소방안전본부","서부소방서_대구","동천","대구광역시 북구 구암로 155","053-325-0119","35.931917","128.557806"
"196",196,"대구소방안전본부","북부소방서_대구","칠성","대구광역시 북구 칠성남로 112","053-350-5720","35.878002","128.592314"
"197",197,"대구소방안전본부","북부소방서_대구","침산","대구광역시 북구 침산남로 149","053-350-5740","35.888358","128.592262"
"198",198,"대구소방안전본부","북부소방서_대구","노원","대구광역시 북구 노원로 42","053-350-5750","35.89215","128.567391"
"199",199,"대구소방안전본부","북부소방서_대구","대현","대구광역시 북구 대현로 105","053-350-5770","35.882427","128.610632"
"200",200,"대구소방안전본부","북부소방서_대구","복현","대구광역시 북구 동북로 245","053-350-5760","35.895413","128.618202"
"201",201,"대구소방안전본부","북부소방서_대구","무태","대구광역시 북구 호국로43길 21","053-350-5780","35.920929","128.596895"
"202",202,"대구소방안전본부","북부소방서_대구","산격","대구광역시 북구 유통단지로8길 88","053-350-5790","35.906114","128.614261"
"203",203,"대구소방안전본부","수성소방서","범물","대구광역시 수성구 청호로 87","053-780-5261","35.82547","128.644226"
"204",204,"대구소방안전본부","수성소방서","만촌","대구광역시 수성구 달구벌대로 2658","053-752-0119","35.855336","128.652109"
"205",205,"대구소방안전본부","수성소방서","황금","대구광역시 수성구 동대구로12길 41","053-764-0119","35.835493","128.626434"
"206",206,"대구소방안전본부","수성소방서","상동","대구광역시 수성구 파동로51길 5","053-765-0119","35.825095","128.609376"
"207",207,"대구소방안전본부","수성소방서","수성","대구광역시 수성구 들안로60길 30","053-741-2119","35.856791","128.620896"
"208",208,"대구소방안전본부","수성소방서","고산","대구광역시 수성구 고산로 105","053-791-7119","35.840206","128.704479"
"209",209,"대구소방안전본부","수성소방서","무열로","대구광역시 수성구 무열로 139","053-741-0119","35.870734","128.648155"
"210",210,"대구소방안전본부","달서소방서","월성","대구광역시 달서구 학산로 75","053-607-2281","35.83106","128.534732"
"211",211,"대구소방안전본부","달서소방서","송현","대구광역시 달서구 월배로 262","053-632-0119","35.820024","128.542028"
"212",212,"대구소방안전본부","달서소방서","본리","대구광역시 달서구 대명천로 134","053-625-0119","35.839691","128.545087"
"213",213,"대구소방안전본부","달서소방서","도원","대구광역시 달서구 도원로 8","053-633-9110","35.809006","128.535628"
"214",214,"대구소방안전본부","달성소방서","현풍","대구광역시 달성군 현풍면 비슬로 480","053-670-5421","35.682496","128.446946"
"215",215,"대구소방안전본부","달성소방서","논공","대구광역시 달성군 논공읍 논공중앙로33길 5","053-615-5119","35.730102","128.453014"
"216",216,"대구소방안전본부","달성소방서","화원","대구광역시 달성군 화원읍 화암로 122","053-632-1119","35.798779","128.501658"
"217",217,"대구소방안전본부","달성소방서","구지","대구광역시 달성군 구지면 달성2차로 111","053-616-0119","35.640052","128.41898"
"218",218,"대구소방안전본부","강서소방서_대구","다사","대구광역시 달성군 다사읍 달구벌대로 920","053-601-5620","35.855423","128.467426"
"219",219,"대구소방안전본부","강서소방서_대구","성서","대구광역시 달서구 성서로 357","053-601-5630","35.849505","128.506883"
"220",220,"대구소방안전본부","강서소방서_대구","죽전","대구광역시 달서구 와룡로 222","053-601-5640","35.852596","128.537639"
"221",221,"대구소방안전본부","강서소방서_대구","대천","대구광역시 달서구 달서대로58길 129","053-601-5650","35.824953","128.506746"
"222",222,"대구소방안전본부","강서소방서_대구","매곡","대구광역시 달성군 다사읍 달구벌대로 753","053-601-5660","35.86116","128.454199"
"223",223,"인천소방본부","중부소방서_인천","중부(인천)_중앙","인천광역시 중구 인중로 204","032-870-5180","37.47015","126.62234"
"224",224,"인천소방본부","중부소방서_인천","중부(인천)_송현","인천광역시 동구 방축로 39","032-576-0119","37.486312","126.650986"
"225",225,"인천소방본부","중부소방서_인천","송림","인천광역시 동구 샛골로 133","032-764-7119","37.474312","126.644084"
"226",226,"인천소방본부","중부소방서_인천","만석","인천광역시 동구 제물량로 396","032-766-0119","37.483397","126.625813"
"227",227,"인천소방본부","중부소방서_인천","연안","인천광역시 중구 축항대로 118","032-887-4689","37.455352","126.609937"
"228",228,"인천소방본부","중부소방서_인천","영흥","인천광역시 영흥면 영흥로 283-32","032-882-3119","37.256435","126.483903"
"229",229,"인천소방본부","중부소방서_인천","백령","인천광역시 옹진군 백령면 백령남로 30","032-836-0119","37.967482","124.717535"
"230",230,"인천소방본부","남동소방서_인천","구월","인천광역시 남동구 인주대로 714-8","032-870-5221","37.449069","126.715953"
"231",231,"인천소방본부","남동소방서_인천","만수","인천광역시 남동구 인주대로 845","032-870-5222","37.448708","126.73133"
"232",232,"인천소방본부","남동소방서_인천","간석","인천광역시 남동구 백범로 248번길","032-870-5223","37.462329","126.721868"
"233",233,"인천소방본부","남동소방서_인천","담방(구.서창)","인천광역시 남동구 매소홀로 1049","032-870-5224","37.439626","126.739446"
"234",234,"인천소방본부","부평소방서_인천","부평_갈산","인천광역시 부평구 부평대로 324","032-723-5353","37.520226","126.722149"
"235",235,"인천소방본부","부평소방서_인천","부평","인천광역시 부평구 부평대로 8","032-723-5354","37.49217","126.72344"
"236",236,"인천소방본부","부평소방서_인천","십정","인천광역시 부평구 경원대로 1111","032-723-5355","37.480307","126.697246"
"237",237,"인천소방본부","부평소방서_인천","산곡","인천광역시 부평구 마장로 198","032-723-5356","37.495714","126.703097"
"238",238,"인천소방본부","부평소방서_인천","부개","인천광역시 부평구 부개로 6","032-723-5357","37.497873","126.739692"
"239",239,"인천소방본부","부평소방서_인천","부평_삼산","인천광역시 부평구 충선로 252","032-723-5358","37.511767","126.736068"
"240",240,"인천소방본부","서부소방서_인천","서부(인천)_연희","인천광역시 서구 서곶로292(심곡동)","032-723-5421","37.543389","126.677248"
"241",241,"인천소방본부","서부소방서_인천","가좌","인천 서구 가재울로 55","032-578-0119","37.479558","126.68006"
"242",242,"인천소방본부","서부소방서_인천","서부(인천)_신현","인천 서구 가정로 333-1","032-572-0119","37.514733","126.672511"
"243",243,"인천소방본부","서부소방서_인천","석남","인천 서구 석남로 102","032-571-0119","37.500593","126.672968"
"244",244,"인천소방본부","서부소방서_인천","검단","인천 서구 완정로 191","032-565-0119","37.602649","126.655109"
"245",245,"인천소방본부","서부소방서_인천","검암","인천 서구 승학로 474","032-568-7119","37.564076","126.673594"
"246",246,"인천소방본부","서부소방서_인천","서부(인천)_원당","인천 서구 원당대로 881","032-563-1195","37.593782","126.699661"
"247",247,"인천소방본부","서부소방서_인천","청라","인천 서구 청라한내로72번길 21","032-569-5026","37.532043","126.630288"
"248",248,"인천소방본부","공단소방서","공단_고잔","인천광역시 남동구 남동서로 208(고잔동)","032-723-5521","37.408176","126.693"
"249",249,"인천소방본부","공단소방서","옥련","인천광역시 연수구 청량로 155번길 7(옥련동)","032-723-5522","37.42067","126.651924"
"250",250,"인천소방본부","공단소방서","도림","인천광역시 남동구 비류대로 667(도림동)","032-723-5523","37.422679","126.709113"
"251",251,"인천소방본부","공단소방서","동춘","인천광역시 연수구 앵고개로 241(동춘동)","032-723-5524","37.409149","126.671289"
"252",252,"인천소방본부","공단소방서","논현","인천광역시 남동구 소래역로 109(논현동)","032-723-5525","37.405336","126.729676"
"253",253,"인천소방본부","계양소방서","작전","인천광역시 계양구 장제로 774(계산동)","032-650-5621","37.537054","126.734918"
"254",254,"인천소방본부","계양소방서","계산","인천 계양구 주부토로 557","032-650-5622","37.543989","126.728243"
"255",255,"인천소방본부","계양소방서","장기","인천광역시 계양구 장기서로 14(장기동)","032-650-5623","37.576334","126.73369"
"256",256,"인천소방본부","계양소방서","효성","인천광역시 계양구 효서로 96-1(효성동)","032-650-5624","37.527576","126.70649"
"257",257,"인천소방본부","남부소방서_인천","신기","인천광역시 남구 인하로 190 (주안동)","032-870-3290","37.4484","126.669005"
"258",258,"인천소방본부","남부소방서_인천","주안","인천광역시 남구 한나루로 607 인천종합건설본부 (도화동)","032-862-1119","37.460547","126.671447"
"259",259,"인천소방본부","남부소방서_인천","도화","인천광역시 남구 장고개로 85 (도화동)","032-864-9119","37.476863","126.670449"
"260",260,"인천소방본부","남부소방서_인천","용현","인천광역시 남구 독배로 376 (용현동)","032-887-0119","37.453388","126.648576"
"261",261,"인천소방본부","남부소방서_인천","관교","인천광역시 남구 인하로 450 (관교동)","032-435-0119","37.444224","126.696395"
"262",262,"인천소방본부","남부소방서_인천","숭의","인천광역시 남구 석정로 51 (숭의동)","032-888-9119","37.466159","126.643053"
"263",263,"인천소방본부","강화소방서","강화","인천광역시 강화군 강화읍 남문로23번길 11","032-930-5894","37.739641","126.487264"
"264",264,"인천소방본부","강화소방서","길상","인천광역시 강화군 길상면 마니산로 93","032-930-5822","37.638338","126.482568"
"265",265,"인천소방본부","강화소방서","내가","인천광역시 강화군 내가면 강화서로 235-1","032-930-5823","37.717511","126.390107"
"266",266,"인천소방본부","공항소방서","공항","인천광역시 중구 공항서로512번길 464(운서동)","032-727-6180","37.459826","126.402592"
"267",267,"인천소방본부","공항소방서","영종","인천광역시 중구 운남로 116(운남동)","032-727-6181","37.488046","126.533306"
"268",268,"인천소방본부","공항소방서","운서","인천광역시 중구 흰바위로27번길 16(운서동)","032-727-6182","37.493719","126.488415"
"269",269,"인천소방본부","공항소방서","용유","인천광역시 중구 용유서로128번길 1(운서동)","032-727-6183","37.448544","126.393958"
"270",270,"인천소방본부","송도소방서","미래","인천광역시 연수구 첨단대로 60번길 15(송도동)","032-810-6660","37.367228","126.651588"
"271",271,"인천소방본부","송도소방서","신송(구.송도)","인천광역시 연수구 해돋이로 92(송도동)","032-810-6683","37.390923","126.651893"
"272",272,"광주소방안전본부","동부소방서_광주","대인","광주광역시 동구 제봉로 210(대인동)","062-606-4203","35.154494","126.914805"
"273",273,"광주소방안전본부","동부소방서_광주","지산","광주광역시 동구 밤실로30번길 16(지산동)","062-606-4423","35.149959","126.938544"
"274",274,"광주소방안전본부","동부소방서_광주","학운","광주광역시 동구 남문로 692(학동)","062-606-4403","35.132406","126.928869"
"275",275,"광주소방안전본부","서부소방서_광주","화정","광주광역시 서구 화운로 197(화정동)","062-606-4255","35.15633","126.876291"
"276",276,"광주소방안전본부","서부소방서_광주","염주","광주광역시 서구 염화로 77(화정동)","062-606-4507","35.141557","126.873827"
"277",277,"광주소방안전본부","서부소방서_광주","금호","광주광역시 서구 운천로 112(쌍촌동)","062-606-4525","35.142713","126.858292"
"278",278,"광주소방안전본부","서부소방서_광주","상무","광주광역시 서구 치평로 65(치평동)","062-606-4543","35.153273","126.847091"
"279",279,"광주소방안전본부","서부소방서_광주","풍암","광주광역시 서구 회재로 907(금호동)","062-606-4564","35.123703","126.862676"
"280",280,"광주소방안전본부","남부소방서_광주","송하","광주광역시 남구 송암로58번길 13(송하동)","062-606-4303","35.110507","126.878341"
"281",281,"광주소방안전본부","남부소방서_광주","월산","광주광역시 남구 수박등로 1(월산동)","062-606-4603","35.140613","126.894676"
"282",282,"광주소방안전본부","남부소방서_광주","봉선","광주광역시 남구 오방로 63(방림동)","062-606-4623","35.131021","126.918987"
"283",283,"광주소방안전본부","북부소방서_광주","문흥","광주광역시 북구 서하로 290(오치동)","062-606-4353","35.186288","126.912007"
"284",284,"광주소방안전본부","북부소방서_광주","임동","광주광역시 북구 서림로 5(임동)","062-606-4703","35.168868","126.890709"
"285",285,"광주소방안전본부","북부소방서_광주","우산","광주광역시 북구 동문대로 127(우산동)","062-606-4723","35.174498","126.925876"
"286",286,"광주소방안전본부","북부소방서_광주","일곡","광주광역시 북구 설죽로 529(일곡동)","062-606-4743","35.206335","126.897302"
"287",287,"광주소방안전본부","북부소방서_광주","두암","광주광역시 북구 삼정로 5(두암동)","062-606-4763","35.162397","126.936821"
"288",288,"광주소방안전본부","북부소방서_광주","동림","광주광역시 북구 북문대로 202(동림동)","062-606-4783","35.186471","126.870291"
"289",289,"광주소방안전본부","광산소방서_광주","하남","광주광역시 광산구 하남산단1번로 13(하남동)","062-606-4903","35.186036","126.796564"
"290",290,"광주소방안전본부","광산소방서_광주","송정","광주광역시 광산구 상무대로 93-1(도산동)","062-606-4803","35.129127","126.785494"
"291",291,"광주소방안전본부","광산소방서_광주","월곡","광주광역시 광산구 사암로 276(월곡동)","062-606-4823","35.168914","126.809326"
"292",292,"광주소방안전본부","광산소방서_광주","비아","광주광역시 광산구 비아로12번길 10(비아동)","062-606-4843","35.220761","126.823613"
"293",293,"광주소방안전본부","광산소방서_광주","신가","광주광역시 광산구 수등로 236(신가동)","062-606-4863","35.1849","126.834784"
"294",294,"광주소방안전본부","광산소방서_광주","첨단","광주광역시 광산구 임방울대로825번길 16(쌍암동)","062-606-4883","35.218776","126.849166"
"295",295,"광주소방안전본부","광산소방서_광주","평동","광주광역시 월전로 59","전화공사중","35.124345","126.773989"
"296",296,"대전소방본부","중부소방서_대전","삼성","대전광역시 동구 태전로 134","042-609-6111","36.340363","127.421903"
"297",297,"대전소방본부","중부소방서_대전","원동","대전광역시 중구 대종로 373","042-609-6121","36.316157","127.431543"
"298",298,"대전소방본부","중부소방서_대전","부사","대전광역시 동구 대전천동로 508","042-609-6131","36.326992","127.432905"
"299",299,"대전소방본부","중부소방서_대전","산내","대전광역시 동구 산내로 1328","042-609-6141","36.281903","127.467491"
"300",300,"대전소방본부","중부소방서_대전","용운","대전광역시 동구 용운로 151번길 88","042-609-6151","36.331289","127.46179"
"301",301,"대전소방본부","중부소방서_대전","가양","대전광역시 동구 합내로 50","042-609-6161","36.347492","127.440582"
"302",302,"대전소방본부","서부소방서_대전","갈마","대전광역시 서구 갈마중로 15","042-609-6311","36.347905","127.371119"
"303",303,"대전소방본부","서부소방서_대전","태평","대전광역시 중구 태평로 91","042-609-6321","36.324907","127.394218"
"304",304,"대전소방본부","서부소방서_대전","탄방","대전광역시 서구 문정로 142","042-609-6331","36.346821","127.395267"
"305",305,"대전소방본부","서부소방서_대전","월평","대전광역시 서구 청사로 27","042-609-6341","36.360008","127.366881"
"306",306,"대전소방본부","서부소방서_대전","둔산","대전광역시 서구 둔산로 101번길 26","042-609-6351","36.352537","127.385575"
"307",307,"대전소방본부","동부소방서_대전","법동","대전광역시 대덕구 계족로 682","042-609-6511","36.372398","127.429008"
"308",308,"대전소방본부","동부소방서_대전","대화","대전광역시 대덕구 대화로 81","042-609-6521","36.366907","127.410868"
"309",309,"대전소방본부","동부소방서_대전","덕암","대전광역시 대덕구 신탄진로 681번길 10","042-609-6531","36.43912","127.426079"
"310",310,"대전소방본부","동부소방서_대전","문평","대전광역시 대덕구 문평동로 18번길 34","042-609-6541","36.446917","127.404716"
"311",311,"대전소방본부","동부소방서_대전","송촌","대전광역시 대덕구 동춘당로 65","042-609-6551","36.36348","127.44196"
"312",312,"대전소방본부","북부소방서_대전","도룡","대전광역시 유성구 대덕대로 516","042-609-6711","36.3789","127.379078"
"313",313,"대전소방본부","북부소방서_대전","전민","대전광역시 유성구 엑스포로 486-11","042-609-6721","36.399317","127.405981"
"314",314,"대전소방본부","북부소방서_대전","구암","대전광역시 유성구 월드컵대로 263","042-609-6731","36.348926","127.329243"
"315",315,"대전소방본부","북부소방서_대전","궁동","대전광역시 유성구 궁동로 35","042-609-6741","36.363666","127.348708"
"316",316,"대전소방본부","북부소방서_대전","노은","대전광역시 유성구 노은로 101","042-609-6751","36.368689","127.317427"
"317",317,"대전소방본부","남부소방서_대전","복수","대전광역시 서구 복수서로 67","042-609-6911","36.309341","127.372352"
"318",318,"대전소방본부","남부소방서_대전","문화","대전광역시 중구 계룡로 918번길 67","042-609-6921","36.319317","127.411273"
"319",319,"대전소방본부","남부소방서_대전","산성","대전광역시 중구 산성로 59","042-609-6931","36.307728","127.395007"
"320",320,"대전소방본부","남부소방서_대전","가수원","대전광역시 서구 용소로 46","042-609-6941","36.309065","127.352688"
"321",321,"대전소방본부","남부소방서_대전","원내","대전광역시 유성구 계백로 801번길 17","042-609-6951","36.291895","127.318884"
"322",322,"울산소방본부","중부소방서_울산","유곡","울산광역시 중구 종가로 205","052-241-2400","35.563131","129.299671"
"323",323,"울산소방본부","중부소방서_울산","성남","울산광역시 중구 만남의거리 14","052-241-2420","35.554111","129.319891"
"324",324,"울산소방본부","중부소방서_울산","병영","울산광역시 중구 구교로 226","052-241-2440","35.564576","129.342469"
"325",325,"울산소방본부","중부소방서_울산","농소","울산광역시 북구 아진로 72","052-241-2480","35.629954","129.340769"
"326",326,"울산소방본부","중부소방서_울산","언양","울산광역시 울주군 남천둑길 99","052-241-2460","35.558811","129.135359"
"327",327,"울산소방본부","중부소방서_울산","태화","울산광역시 중구 태화로 111","052-241-2530","35.55339","129.287965"
"328",328,"울산소방본부","중부소방서_울산","범서","울산광역시 울주군 구영앞길 99","052-241-2500","35.569762","129.236261"
"329",329,"울산소방본부","중부소방서_울산","매곡","울산광역시 북구 오토밸리로 1024","052-241-2970","35.648714","129.359559"
"330",330,"울산소방본부","남부소방서_울산","남부(울산)_삼산","울산광역시 남구 삼산중로 149","052-241-2580","35.547255","129.335251"
"331",331,"울산소방본부","남부소방서_울산","여천","울산광역시 남구 여천로 81-33","052-241-2610","35.525305","129.341333"
"332",332,"울산소방본부","남부소방서_울산","남부(울산)_신정","울산광역시 남구 신정로 87번길 2","052-241-2630","35.539368","129.319598"
"333",333,"울산소방본부","남부소방서_울산","무거","울산광역시 남구 문수로 89","052-241-2650","35.538915","129.263684"
"334",334,"울산소방본부","남부소방서_울산","남부(울산)_공단","울산광역시 남구 상개로 190","052-241-2670","35.501354","129.31877"
"335",335,"울산소방본부","남부소방서_울산","장생포","울산광역시 남구 매암로 18","052-241-2560","35.511562","129.377418"
"336",336,"울산소방본부","남부소방서_울산","옥동","울산광역시 남구 대공원입구로21번길 20","052-241-2690","35.534332","129.292187"
"337",337,"울산소방본부","동부소방서_울산","화암","울산광역시 동구 꽃바위2가길 9","052-241-2720","35.482352","129.412593"
"338",338,"울산소방본부","동부소방서_울산","동부(울산)_화정","울산광역시 동구 방어진순환도로 601","052-241-2740","35.495511","129.426997"
"339",339,"울산소방본부","동부소방서_울산","염포","울산광역시 북구 염포로 769","052-241-2780","35.526428","129.399016"
"340",340,"울산소방본부","동부소방서_울산","전하","울산광역시 동구 진성 4가길 8","052-241-2760","35.509336","129.429083"
"341",341,"울산소방본부","동부소방서_울산","강동","울산광역시 북구 산하중앙2로 231","052-241-2800","35.631003","129.436773"
"342",342,"울산소방본부","온산소방서_울산","온산","울산광역시 울주군 온산읍 덕신로 232","052-241-2860","35.433385","129.306634"
"343",343,"울산소방본부","온산소방서_울산","온양","울산광역시 울주군 온양읍 온양로 74","052-241-2890","35.410865","129.279686"
"344",344,"울산소방본부","온산소방서_울산","웅촌","울산광역시 울주군 웅촌면 곡천검단로 9","052-241-2910","35.46344","129.206448"
"345",345,"울산소방본부","온산소방서_울산","화산","울산광역시 울주군 온산읍 공단로 417","052-241-2840","35.43912","129.335212"
"346",346,"세종소방본부","조치원소방서","조치원","세종특별자치시 조치원읍 세종로 2439","044-300-8501","36.6048","127.288914"
"347",347,"세종소방본부","조치원소방서","전의","세종특별자치시 전의면 서정길 46-6","044-300-8521","36.686483","127.192343"
"348",348,"세종소방본부","조치원소방서","부강","세종특별자치시 부강면 청연로 7","044-300-8541","36.528345","127.372119"
"349",349,"세종소방본부","조치원소방서","연서","세종특별자치시 연서면 도신고복로 306","044-300-8641","36.589563","127.202303"
"350",350,"세종소방본부","세종소방서","어진","세종자치시 도움8로 91","044-300-8604","36.504194","127.271552"
"351",351,"세종소방본부","세종소방서","아름","세종특별자치시 아름동 보듬3로 119","044-300-8581","36.51142","127.246642"
"352",352,"세종소방본부","세종소방서","한솔","세종특별자치시 한솔동 노을3로 29","044-300-8561","36.480504","127.259205"
"353",353,"세종소방본부","세종소방서","보람","세종특별자치시 보람동 남세종로 436","044-300-8621","36.477928","127.291369"
"354",354,"경기재난본부","수원소방서","정자","수원시 장안구 정자천로 189번길 12 (정자동)","031-8012-9501","37.297199","126.995993"
"355",355,"경기재난본부","수원소방서","남부","수원시 권선구 동수원로 286 (권선동)","031-8012-9511","37.254718","127.036858"
"356",356,"경기재난본부","수원소방서","매산","수원시 팔달구 매산로  89 (매산로 3가)","031-8012-9521","37.270498","127.010674"
"357",357,"경기재난본부","수원소방서","원천","수원시 영통구 중부대로 349 (원천동)","031-8012-9531","37.273167","127.054203"
"358",358,"경기재난본부","수원소방서","지만","수원시 팔달구 경수대로 660 (우만동)","031-8012-9551","37.284312","127.02868"
"359",359,"경기재난본부","수원소방서","서둔","수원시 권선구 서호동로 48 (서둔동)","031-8012-9561","37.268946","126.993385"
"360",360,"경기재난본부","수원소방서","파장","수원시 장안구 서부로 2308 (이목동)","031-8012-9571","37.312384","126.979159"
"361",361,"경기재난본부","수원소방서","이의","수원시 영통구 창룡대로 313 (이의동)","031-8012-9581","37.291694","127.027139"
"362",362,"경기재난본부","수원소방서","고색","수원시 권선구 서부로 1614 (고색동)","031-8012-9591","37.253208","126.975322"
"363",363,"경기재난본부","수원소방서","영통","수원시 영통구 매영로 325 (영통동)","031-8012-9141","37.253221","127.068833"
"364",364,"경기재난본부","성남소방서","수진","성남시 수정구 제일로 111 (수진동)","031-720-0500","37.436645","127.133511"
"365",365,"경기재난본부","성남소방서","신흥","경기도 성남시 수정구 시민로 151 (신흥동)","031-757-0119","37.441552","127.143269"
"366",366,"경기재난본부","성남소방서","상대원","경기도 성남시 중원구 둔촌대로 457번길 8 (상대원동)","031-745-0003","37.432419","127.168686"
"367",367,"경기재난본부","성남소방서","단대","경기도 성남시 수정구 논골로 11번길 7-2 (단대동)","031-720-0521","37.454934","127.159565"
"368",368,"경기재난본부","성남소방서","위례","경기도 성남시 수정구 헌릉로 1003 (창곡동)","031-759-5119","37.461928","127.143625"
"369",369,"경기재난본부","분당소방서","서현","경기도 성남시 분당구 양현로 14 (서현동)","031-8018-3501","37.38604","127.119486"
"370",370,"경기재난본부","분당소방서","판교","경기도 성남시 분당구 대왕판교로644번길 62 (삼평동)","031-8018-3511","37.399542","127.113729"
"371",371,"경기재난본부","분당소방서","수내","경기도 성남시 분당구 백현로 241 (수내동)","031-8018-3521","37.367353","127.122595"
"372",372,"경기재난본부","분당소방서","야탑","경기도 성남시 분당구 양현로 485 (야탑4동)","031-8018-3531","37.416467","127.135949"
"373",373,"경기재난본부","분당소방서","구미","경기도 성남시 분당구 돌마로 138 (구미동)","031-8018-3551","37.351894","127.116516"
"374",374,"경기재난본부","부천소방서","중앙","경기도 부천시 신흥로 115 (중동)","032-650-4504","37.493267","126.77804"
"375",375,"경기재난본부","부천소방서","내동","경기도 부천시 신흥로 364 (내동)","032-650-4524","37.516137","126.775685"
"376",376,"경기재난본부","부천소방서","중동","경기도 부천시 부일로 346 (중동)","032-650-4534","37.487755","126.768733"
"377",377,"경기재난본부","부천소방서","괴안","경기도 부천시 부광로8번길 49 (괴안동)","032-650-4544","37.482715","126.81044"
"378",378,"경기재난본부","부천소방서","원종","경기도 부천시 원종로79번길 41 (원종동)","032-650-4554","37.525978","126.808503"
"379",379,"경기재난본부","부천소방서","상동","경기도 부천시 장말로 113 (상동)","032-650-4564","37.49423","126.754571"
"380",380,"경기재난본부","부천소방서","서부","경기도 부천시 계남로 169 (중동)","032-650-4574","37.507908","126.767776"
"381",381,"경기재난본부","부천소방서","범박","경기도 부천시 범안로 127 (범박동)","032-650-4584","37.470547","126.809426"
"382",382,"경기재난본부","부천소방서","신상","경기도 부천시 상동로117번길 36 (상동)","032-650-4594","37.508127","126.75156"
"383",383,"경기재난본부","안양소방서","부림","경기도 안양시 동안구 관평로212번길 32 (관양동)","031-470-0501","37.395973","126.960766"
"384",384,"경기재난본부","안양소방서","안양","경기도 안양시 만안구 현충로 55 (안양동)","031-470-0511","37.390327","126.925589"
"385",385,"경기재난본부","안양소방서","비산","경기도 안양시 동안구 평촌대로 389 (비산동)","031-470-0531","37.405816","126.949382"
"386",386,"경기재난본부","안양소방서","석수","경기도 안양시 만안구 석수로 28 (석수동)","031-470-0541","37.408992","126.909249"
"387",387,"경기재난본부","안양소방서","귀인","경기도 안양시 동안구 평촌대로 104 (평촌동)","031-470-0551","37.381798","126.9615"
"388",388,"경기재난본부","안산소방서","고잔","경기도 안산시 단원구 화랑로 407 (고잔동)","031-470-7501","37.321325","126.833178"
"389",389,"경기재난본부","안산소방서","원시","경기도 안산시 단원구 동산로 31 (원시동)","031-470-7511","37.312966","126.793593"
"390",390,"경기재난본부","안산소방서","선부","경기도 안산시 단원구 선부광장서로 43 (선부동)","031-470-7521","37.333947","126.804399"
"391",391,"경기재난본부","안산소방서","성곡","경기도 안산시 단원구 장자골로 66 (성곡동)","031-470-7541","37.312913","126.765643"
"392",392,"경기재난본부","안산소방서","월피","경기도 안산시 상록구 충장로 645 (월피동)","031-470-7551","37.335035","126.854451"
"393",393,"경기재난본부","안산소방서","군자","경기도 안산시 단원구 번영1로 45 (성곡동)","031-470-7561","37.319899","126.735823"
"394",394,"경기재난본부","안산소방서","사동","경기도 안산시 상록구 항가울로 230 (사동)","031-470-7571","37.300853","126.843649"
"395",395,"경기재난본부","안산소방서","대부","경기도 안산시 단원구 영전로 375 (대부동동)","031-470-7581","37.239939","126.617713"
"396",396,"경기재난본부","안산소방서","반월","경기도 안산시 상록구 건지미길 48 (건건동)","031-470-7591","37.303008","126.905538"
"397",397,"경기재난본부","용인소방서","역북","경기도 용인시 처인구 명지로 45 (역북동)","031-8021-0501","37.232156","127.189885"
"398",398,"경기재난본부","용인소방서","구갈","경기도 용인시 기흥구 신구로 74 (구갈동)","031-8021-0511","37.278927","127.109868"
"399",399,"경기재난본부","용인소방서","수지","경기도 용인시 수지구 풍덕천로 177 (풍덕천동)","031-8021-0521","37.326276","127.100414"
"400",400,"경기재난본부","용인소방서","양지","경기도 용인시 처인구 양지면 남평로 46 (남곡리)","031-8021-0531","37.230089","127.288922"
"401",401,"경기재난본부","용인소방서","남사","경기도 용인시 처인구 남사면 봉무로 13 (봉무리)","031-8021-0541","37.115428","127.152266"
"402",402,"경기재난본부","용인소방서","포곡","경기도 용인시 처인구 포곡읍 포곡로 252 (삼계리)","031-8021-0551","37.277662","127.230035"
"403",403,"경기재난본부","용인소방서","이동","경기도 용인시 처인구 이동면 백옥대로 416-2 (덕성리)","031-8021-0561","37.17447","127.204264"
"404",404,"경기재난본부","용인소방서","보정","경기도 용인시 기흥구 보정로 114번길 2 (보정동)","031-8021-0571","37.319682","127.115853"
"405",405,"경기재난본부","용인소방서","백암","경기도 용인시 처인구 백암면 백암로 247 (백암리)","031-8021-0581","37.167716","127.371363"
"406",406,"경기재난본부","용인소방서","동백","경기도 용인시 기흥구 동백6로 33 (중동)","031-8021-0591","37.277724","127.155213"
"407",407,"경기재난본부","용인소방서","모현","경기도 용인시 처인구 모현면 독점로 31-12 (갈담리)","031-8021-0141","37.329209","127.241566"
"408",408,"경기재난본부","평택소방서","비전","경기도 평택시 중앙로 273 (비전동)","031-8053-6503","36.990454","127.112847"
"409",409,"경기재난본부","평택소방서","안중","경기도 평택시 안중읍 안현로서7길 28 (현화리)","031-8053-6531","36.98184","126.924424"
"410",410,"경기재난본부","평택소방서","팽성","경기도 평택시 팽성읍 팽성송화로 172 (송화리)","031-8053-6512","36.962133","127.059105"
"411",411,"경기재난본부","평택소방서","포승","경기도 평택시 포승읍 평택항로 156번길 11 (만호리)","031-8053-6542","36.973858","126.845441"
"412",412,"경기재난본부","송탄소방서","신장","경기도 평택시 경기대로 1627 (신장동)","031-685-8500","37.089697","127.062222"
"413",413,"경기재난본부","송탄소방서","진위","경기도 평택시 진위면 봉남길 30","031-685-8510","37.100853","127.087432"
"414",414,"경기재난본부","송탄소방서","모곡","경기도 평택시 산단로64번길 2 (모곡동)","031-685-8520","37.036899","127.076826"
"415",415,"경기재난본부","송탄소방서","서탄","경기도 평택시 서탄면 서탄로 241","031-685-8530","37.10584","127.037102"
"416",416,"경기재난본부","송탄소방서","고덕","경기도 평택시 고덕면 고덕로 335","031-695-8540","37.045945","127.021236"
"417",417,"경기재난본부","송탄소방서","청북","경기도 평택시 청북면 현곡산단로 16","031-685-8550","37.03373","126.93921"
"418",418,"경기재난본부","광명소방서","소하","경기도 광명시 금하로 472 (소하동)","031-2610-3500","37.448687","126.885215"
"419",419,"경기재난본부","광명소방서","광명","경기도 광명시 사성로 12 (광명동)","031-2610-3510","37.485422","126.858556"
"420",420,"경기재난본부","광명소방서","하안","경기도 광명시 범안로 1025 (하안동)","031-2610-3520","37.461508","126.877094"
"421",421,"경기재난본부","광명소방서","광남","경기도 광명시 목감로 34 (광명동)","031-2610-3530","37.471466","126.845688"
"422",422,"경기재난본부","시흥소방서","시흥","경기도 시흥시 정왕신길로 206 (정왕동)","031-310-0501","37.349561","126.739532"
"423",423,"경기재난본부","시흥소방서","은행","경기도 시흥시 은행동 대은로 4 (은행동)","031-310-0511","37.439365","126.793289"
"424",424,"경기재난본부","시흥소방서","정왕","경기도 시흥시 공단1대로 259번길 1 (정왕동)","031-310-0521","37.335571","126.729717"
"425",425,"경기재난본부","시흥소방서","연성","경기도 시흥시 새재로 29 (장현동)","031-310-0531","37.381903","126.802938"
"426",426,"경기재난본부","군포소방서","오금","경기도 군포시 고산로 429 (산본동)","031-479-8505","37.352568","126.92712"
"427",427,"경기재난본부","군포소방서","산본","경기도 군포시 산본로 432번길 1 (산본동)","031-479-8512","37.36828","126.927272"
"428",428,"경기재난본부","화성소방서","향남","경기도 화성시 향남읍 향남로 399 (행정리)","031-8012-6502","37.131011","126.920621"
"429",429,"경기재난본부","화성소방서","정남","경기도 화성시 정남면 정남동로 514 (고지리)","031-8012-6522","37.165199","127.002161"
"430",430,"경기재난본부","화성소방서","동탄","경기도 화성시 동탄반석로 188 (반송동)","031-8012-6532","37.205462","127.07209"
"431",431,"경기재난본부","화성소방서","태안","경기도 화성시 병점중앙로 148 (진안동)","031-8012-6542","37.211179","127.038997"
"432",432,"경기재난본부","화성소방서","남양","경기도 화성시 남양시장로 48 (남양동)","031-8012-6552","37.208722","126.81467"
"433",433,"경기재난본부","화성소방서","봉담","경기도 화성시 봉담읍 샘마을1길 9 (상리)","031-8012-6560","37.219349","126.949928"
"434",434,"경기재난본부","화성소방서","장안","경기도 화성시 장안면 3.1만세로 119 (어은리)","031-351-2119","37.086348","126.826113"
"435",435,"경기재난본부","화성소방서","목동","경기 화성시 동탄신리천로 359","031-231-0993","37.183801","127.118222"
"436",436,"경기재난본부","이천소방서","관고","경기도 이천시 경충대로 2739 (관고동)","031-645-5501","37.281698","127.431926"
"437",437,"경기재난본부","이천소방서","대월","경기도 이천시 경충대로 1973 (사동리)","031-645-5511","37.2433","127.497058"
"438",438,"경기재난본부","이천소방서","장호원","경기도 이천시 장호원읍 서동대로 8829번길 71 (장호원리)","031-645-5521","37.117077","127.614732"
"439",439,"경기재난본부","김포소방서","중앙","경기도 김포시 감암로 111 (걸포동)","031-980-4501","37.641566","126.708536"
"440",440,"경기재난본부","김포소방서","양촌","경기도 김포시 양촌읍 양곡1로 85 (양곡리)","031-980-4511","37.658111","126.622328"
"441",441,"경기재난본부","김포소방서","통진","경기도 김포시 통진읍 김포대로 2250 (마송리)","031-980-4521","37.690661","126.596329"
"442",442,"경기재난본부","김포소방서","고촌","경기도 김포시 고촌읍 은행영사정로 31 (신곡리)","031-980-4531","37.602298","126.773791"
"443",443,"경기재난본부","김포소방서","하성","경기도 김포시 하성면 하성로 404 (마곡리)","031-980-4541","37.711277","126.637666"
"444",444,"경기재난본부","김포소방서","대곶","경기도 김포시 대곶면 수남로 104","031-980-4561","37.633475","126.582482"
"445",445,"경기재난본부","김포소방서","마산","경기도 김포시 김포한강8로 196","031-980-4571","37.63966","126.644319"
"446",446,"경기재난본부","광주소방서","초월","경기도 광주시 초월읍 무들로 112 (대쌍령리)","031-799-2500","37.385588","127.299508"
"447",447,"경기재난본부","광주소방서","경안","경기도 광주시 수하길 36 (송정동)","031-799-2510","37.414802","127.2644"
"448",448,"경기재난본부","광주소방서","오포","경기도 광주시 오포읍 오포로 910-5 (고산리)","031-799-2521","37.371416","127.233557"
"449",449,"경기재난본부","광주소방서","곤지암","경기도 광주시 곤지암읍 도척로 163 (곤지암리)","031-799-2530","37.337729","127.336812"
"450",450,"경기재난본부","광주소방서","능평","경기도 광주시 오포읍 대명대길 30 (능평리)","031-799-2540","37.357227","127.16876"
"451",451,"경기재난본부","안성소방서","도기","경기도 안성시 미양로 855 (도기동)","031-678-4501","37.000465","127.256031"
"452",452,"경기재난본부","안성소방서","미양","경기도 안성시 미양면 제2공단3길 8 (계륵리)","031-677-7119","36.977551","127.260519"
"453",453,"경기재난본부","안성소방서","죽산","경기도 안성시 죽산면 장원공단길 38 (장원리)","031-678-4520","37.068058","127.423953"
"454",454,"경기재난본부","안성소방서","공도","경기도 안성시 공도읍 공도로 111 (만정리)","031-618-8119","37.00082","127.173113"
"455",455,"경기재난본부","하남소방서","신장","경기도 하남시 대청로 76 (신장동)","031-799-4502","37.539901","127.220423"
"456",456,"경기재난본부","하남소방서","감북","경기도 하남시 감북로 91 (광암동)","031-799-4511","37.515968","127.167536"
"457",457,"경기재난본부","하남소방서","덕풍","경기도 하남시 덕풍서로 60 (덕풍동)","031-799-4532","37.552269","127.204485"
"458",458,"경기재난본부","의왕소방서","고천","경기도 의왕시 오봉로 9 (고천동)","031-596-0502","37.344199","126.974761"
"459",459,"경기재난본부","의왕소방서","백운","경기도 의왕시 안양판교로 187 (청계동)","031-596-0531","37.390479","126.992611"
"460",460,"경기재난본부","의왕소방서","오전","경기도 의왕시 경수대로 344 (오전동)","031-596-0510","37.356322","126.968569"
"461",461,"경기재난본부","오산소방서","청학","경기도 오산시 청학로 55-6 (청학동)","031-8059-7500","37.154707","127.063908"
"462",462,"경기재난본부","오산소방서","원동","경기도 오산시 경기대로 99 (원동)","031-8059-7510","37.133625","127.072258"
"463",463,"경기재난본부","여주소방서","여주","경기도 여주시 우암로 110 (월송동)","031-887-8501","37.291668","127.625804"
"464",464,"경기재난본부","여주소방서","가남","경기도 여주시 가남면 일신로 32 (태평리)","031-887-8511","37.213434","127.543507"
"465",465,"경기재난본부","여주소방서","북내","경기도 여주시 북내면 도예로 440 (당우리)","031-887-8521","37.324716","127.677887"
"466",466,"경기재난본부","양평소방서","공흥","경기도 양평군 양평읍 경강로 2047 (공흥리)","031-770-0507","37.500338","127.507339"
"467",467,"경기재난본부","양평소방서","강상","경기도 양평군 강상면 송학길 54 (송학리)","031-770-0521","37.480345","127.478214"
"468",468,"경기재난본부","양평소방서","용문","경기도 양평군 용문면 연수로 64 (다문리)","031-770-0531","37.493034","127.590604"
"469",469,"경기재난본부","과천소방서","중앙","경기도 과천시 통영로 12 (중앙동)","02-331-4500","37.428564","126.990524"
"470",470,"경기재난본부","과천소방서","과천","경기도 과천시 궁말로 30 (주암동)","02-331-4510","37.442299","127.008885"
"471",471,"경기북부소방재난본부","고양소방서","원당","경기도 고양시 덕양구 고양대로 1342","031-931-0502","37.655089","126.833203"
"472",472,"경기북부소방재난본부","고양소방서","능곡","경기도 고양시 덕양구 토당로 48","031-931-0512","37.620274","126.820728"
"473",473,"경기북부소방재난본부","고양소방서","신도","경기도 고양시 덕양구 삼송로136번길 80-6","031-931-0522","37.652379","126.893313"
"474",474,"경기북부소방재난본부","고양소방서","행신","경기도 고양시 덕양구 소원로181번길 52","031-931-0532","37.615183","126.843414"
"475",475,"경기북부소방재난본부","고양소방서","화전","경기도 고양시 덕양구 중앙로 78","031-931-0542","37.5965","126.877093"
"476",476,"경기북부소방재난본부","일산소방서","장항","경기도 고양시 일산동구 중앙로 1325","031-930-0501","37.663282","126.769627"
"477",477,"경기북부소방재난본부","일산소방서","백석","경기도 고양시 일산동구 장백로 78","031-930-0511","37.644213","126.785014"
"478",478,"경기북부소방재난본부","일산소방서","주엽","경기도 고양시 일산서구 주화로 82","031-930-0521","37.670225","126.759101"
"479",479,"경기북부소방재난본부","일산소방서","중산","경기도 고양시 일산동구 중산로 218","031-930-0541","37.691391","126.780508"
"480",480,"경기북부소방재난본부","일산소방서","고봉","경기도 고양시 일산동구 성현로 429","031-930-0551","37.699361","126.83067"
"481",481,"경기북부소방재난본부","일산소방서","대화","고양시 중앙로 1630","031-930-0572","37.678997","126.741967"
"482",482,"경기북부소방재난본부","의정부소방서","중앙","경기도 의정부시 의정로 48","031-849-7500","37.73694","127.035535"
"483",483,"경기북부소방재난본부","의정부소방서","금오","경기도 의정부시 호국로 1434-14","031-849-7510","37.749376","127.061276"
"484",484,"경기북부소방재난본부","의정부소방서","호원","경기도 의정부시 평화로 322번길 7","031-849-7520","37.720799","127.048184"
"485",485,"경기북부소방재난본부","의정부소방서","송산","경기도 의정부시 충의로 90","031-849-7530","37.739608","127.086652"
"486",486,"경기북부소방재난본부","남양주소방서","평내","경기도 남양주시 평내로 25","031-590-0503","37.643321","127.23224"
"487",487,"경기북부소방재난본부","남양주소방서","진접","경기도 남양주시 진접읍 금강로 1509-25","031-590-0522","37.725564","127.189732"
"488",488,"경기북부소방재난본부","남양주소방서","진건","경기도 남양주시 진건읍 진건오남로 112-21","031-590-0552","37.660148","127.180252"
"489",489,"경기북부소방재난본부","남양주소방서","화도","경기도 남양주시 화도읍 수레로 1260번길 25","031-590-0542","37.650092","127.304805"
"490",490,"경기북부소방재난본부","남양주소방서","와부","경기도 남양주시 와부읍 덕소로 97번길 34-2","031-590-0532","37.585791","127.216205"
"491",491,"경기북부소방재난본부","남양주소방서","별내","경기도 남양주시 송산로 41","031-590-0562","37.645936","127.129831"
"492",492,"경기북부소방재난본부","남양주소방서","오남","경기도 남양주시 오남읍 진건오남로 772","031-590-0592","37.696842","127.20576"
"493",493,"경기북부소방재난본부","남양주소방서","가운","경기도 남양주시 가운로 16","031-590-0572","37.604864","127.158396"
"494",494,"경기북부소방재난본부","파주소방서","통일","파주시 파주읍 통일로 1564","031-956-9501","37.847927","126.790009"
"495",495,"경기북부소방재난본부","파주소방서","금촌","경기도 파주시 가나무로 136","031-956-9511","37.753868","126.780434"
"496",496,"경기북부소방재난본부","파주소방서","법원","경기도 파주시 법원읍 화합로 141","031-956-9521","37.8468","126.882419"
"497",497,"경기북부소방재난본부","파주소방서","광탄","경기도 파주시 광탄면 혜음로 1040","031-956-9531","37.775779","126.851304"
"498",498,"경기북부소방재난본부","파주소방서","탄현","경기도 파주시 탄현면 필승로 458","031-956-9541","37.78141","126.687323"
"499",499,"경기북부소방재난본부","파주소방서","월롱","경기도 파주시 월롱면 엘씨디로 310","031-956-9551","37.815224","126.752577"
"500",500,"경기북부소방재난본부","파주소방서","교하","경기도 파주시 청석로 301","031-956-9561","37.729017","126.717243"
"501",501,"경기북부소방재난본부","파주소방서","적성","경기도 파주시 적성면 감악산로 1220","031-956-9571","37.95554","126.928375"
"502",502,"경기북부소방재난본부","파주소방서","운정","경기도 파주시 야당동 1003-2","031-956-9581","37.7117853","126.7498326"
"503",503,"경기북부소방재난본부","구리소방서","교문","경기도 구리시 아차산로 487번길 46, 교문119안전센터","031-570-6501","37.59829","127.127833"
"504",504,"경기북부소방재난본부","구리소방서","인창","경기도 구리시 건원대로 34번길 28, 인창119안전센터","031-570-6512","37.604192","127.141921"
"505",505,"경기북부소방재난본부","포천소방서","군내","경기도 포천시 군내면 호국로 1538","031-538-5500~7","37.891577","127.203"
"506",506,"경기북부소방재난본부","포천소방서","소흘","경기도 포천시 소흘읍 송우로 182(송우리 576-1)","031-538-5511-4","37.836095","127.13174"
"507",507,"경기북부소방재난본부","포천소방서","영북","경기도 포천시 영북면 영북로 144","031-538-5520~4","38.08712","127.275439"
"508",508,"경기북부소방재난본부","포천소방서","일동","경기도 포천시 일동면 영일로 978","031-538-5530~4","37.948049","127.309969"
"509",509,"경기북부소방재난본부","포천소방서","가산","경기도 포천시 포천로 890","031- 538-5540~4","37.848496","127.194492"
"510",510,"경기북부소방재난본부","포천소방서","내촌","경기도 포천시 내촌면 내촌로 120","031-538-5550~4","37.790432","127.230477"
"511",511,"경기북부소방재난본부","포천소방서","영중","경기도 포천시 영중면 양문로 66","031-538-5560~7","37.998516","127.242748"
"512",512,"경기북부소방재난본부","양주소방서","백석","양주시 백석읍 꿈나무로 156","031-849-8507","37.795871","126.989398"
"513",513,"경기북부소방재난본부","양주소방서","회천","양주시 화합로 1272","031-849-8512","37.846168","127.055589"
"514",514,"경기북부소방재난본부","양주소방서","광적","양주시 광적면 광적로 55","031-849-8522","37.823459","126.981568"
"515",515,"경기북부소방재난본부","양주소방서","고읍","양주시 고덕로 266","031-849-8532","37.801913","127.069888"
"516",516,"경기북부소방재난본부","양주소방서","남면","양주시 남면 삼육사로 247","031-849-8542","37.901739","126.986465"
"517",517,"경기북부소방재난본부","양주소방서","장흥","양주시 장흥면 일영로 794","031-849-8551","37.712045","126.936247"
"518",518,"경기북부소방재난본부","동두천소방서","불현","경기도 동두천시 지행로 6(지행동)","031-830-5501","37.891794","127.048028"
"519",519,"경기북부소방재난본부","동두천소방서","소요","경기도 동두천시 평화로 2910번길 65(상봉암동)","031-830-5511","37.946402","127.065131"
"520",520,"경기북부소방재난본부","가평소방서","가평","가평군 가평읍 가화로 36","031-580-0507","37.823263","127.516447"
"521",521,"경기북부소방재난본부","가평소방서","조종면","가평군 조종면 현창로 14","031-580-0522","37.816163","127.349805"
"522",522,"경기북부소방재난본부","연천소방서","은대","경기도 연천군 전곡읍 평화로 892","031-830-0502","38.048326","127.068375"
"523",523,"경기북부소방재난본부","연천소방서","전곡","경기도 연천군 전곡읍 전곡로 27","031-830-0521","38.015997","127.071923"
"524",524,"경기북부소방재난본부","연천소방서","연천","경기도 연천군 연천읍 차현로 92","031-830-0531","38.099626","127.076837"
"525",525,"강원소방본부","춘천소방서","현장대응과(후평)","강원도 춘천시 후석로 446","033-241-0119","37.889381","127.743321"
"526",526,"강원소방본부","춘천소방서","소양","강원도 춘천시 금강로 15","033-248-9531","37.882152","127.724443"
"527",527,"강원소방본부","춘천소방서","춘천_효자","강원도 춘천시 효명길 8","033-248-9541","37.871025","127.726384"
"528",528,"강원소방본부","춘천소방서","석사","강원도 춘천시 동내면 고은길9","033-248-9551","37.846197","127.771148"
"529",529,"강원소방본부","춘천소방서","강촌","강원도 춘천시 남산면 소주고개로 680","033-248-9561","37.7851","127.647823"
"530",530,"강원소방본부","춘천소방서","신북","강원도 춘천시 신북읍 신북로 35","033-248-9461","37.928458","127.751267"
"531",531,"강원소방본부","춘천소방서","화천","강원 화천군 화천읍 강변로 155","033-248-9571","38.111279","127.707492"
"532",532,"강원소방본부","춘천소방서","사내","강원도 화천군 사내면 문화마을 1길 6","033-248-9581","38.068058","127.524956"
"533",533,"강원소방본부","춘천소방서","양구","강원도 양구군 비봉로 73번길 12","033-248-9591","38.108748","127.986405"
"534",534,"강원소방본부","원주소방서","현장대응과(명륜)","강원도 원주시 남원로 487","033-762-0119","37.328229","127.944076"
"535",535,"강원소방본부","원주소방서","원주_우산","강원도 원주시 우산동 우산공단길 9","033-769-1561","37.374096","127.941825"
"536",536,"강원소방본부","원주소방서","단구","강원도 원주시 단구동 강변로 255","033-769-1541","37.330502","127.96147"
"537",537,"강원소방본부","원주소방서","원주_신림","강원도 원주시 신림면 치악로 27","033-769-1551","37.229748","128.079043"
"538",538,"강원소방본부","원주소방서","학성","강원도 원주시 학성동 학성길 122","033-769-1531","37.353694","127.944845"
"539",539,"강원소방본부","원주소방서","태장","강원도 원주시 태장동 태장공단길 4","033-769-1571","37.401508","127.952634"
"540",540,"강원소방본부","원주소방서","문막","강원도 원주시 문막읍 문막시장1길 90","033-769-1581","37.303469","127.814528"
"541",541,"강원소방본부","원주소방서","흥업","강원도 원주시 귀래면 북원로 53-5","033-769-1591","37.166063","127.884163"
"542",542,"강원소방본부","강릉소방서","현장대응과(유산)","강원 강릉시 선수촌로 64-28","033-643-3119","37.757339","128.872913"
"543",543,"강원소방본부","강릉소방서","경포","강원도 강릉시 해안로 502","033-610-8531","37.805018","128.905195"
"544",544,"강원소방본부","강릉소방서","내곡","강원도 강릉시 범일로 660","033-610-8541","37.744782","128.884679"
"545",545,"강원소방본부","강릉소방서","주문진","강원도 강릉시 연곡면 연주로 226","033-610-8551","37.874028","128.831596"
"546",546,"강원소방본부","강릉소방서","포남","강원도 강릉시 하평2길 23","033-610-8561","37.772314","128.912906"
"547",547,"강원소방본부","강릉소방서","강릉_옥계","강원도 강릉시 옥계면 현내시장길 163","033-610-8571","37.602323","129.030129"
"548",548,"강원소방본부","동해소방서","현장대응과(천곡)","강원도 동해시 천곡로 120","033-533-0119","37.524619","129.118536"
"549",549,"강원소방본부","동해소방서","묵호","강원도 동해시 일출로 29","033-530-8531","37.551604","129.110657"
"550",550,"강원소방본부","동해소방서","북삼","강원도 동해시 효자남길 33-10","033-530-8541","37.4893","129.106877"
"551",551,"강원소방본부","동해소방서","북평","강원도 동해시 공단1로 21","033-530-8551","37.471525","129.142925"
"552",552,"강원소방본부","태백소방서","현장대응과(황지)","강원도 태백시 태백로 1120","033-553-1119","37.158538","128.989323"
"553",553,"강원소방본부","태백소방서","태백_장성","강원도 태백시 석공길 16-9","033-550-8531","37.103427","129.008028"
"554",554,"강원소방본부","태백소방서","철암","강원도 태백시 동태백로 552","033-550-8541","37.121028","129.044157"
"555",555,"강원소방본부","태백소방서","화전","강원도 태백시 태백로 814","033-550-8551","37.180608","128.984247"
"556",556,"강원소방본부","속초소방서","현장대응과(노학)","강원도 속초시 미시령로 3226","033-631-0119","38.203638","128.560137"
"557",557,"강원소방본부","속초소방서","영랑","강원도 속초시 동해대로 4219","033-630-2531","38.195824","128.57729"
"558",558,"강원소방본부","속초소방서","설악","강원도 속초시 청봉로5길 37","033-630-2541","38.166072","128.525449"
"559",559,"강원소방본부","삼척소방서","현장대응과(남양)","강원도 삼척시 봉황로 101","033-573-0119","37.446882","129.170793"
"560",560,"강원소방본부","삼척소방서","도계","강원도 삼척시 도계읍 도계강변3길 16","033-570-8531","37.240852","129.04575"
"561",561,"강원소방본부","삼척소방서","근덕","강원도 삼척시 근덕면 교가길 37","033-570-8541","37.380167","129.228087"
"562",562,"강원소방본부","삼척소방서","원덕","강원도 삼척시 원덕읍 삼척로 504","033-570-8551","37.180038","129.330052"
"563",563,"강원소방본부","홍천소방서","현장대응과(홍천)","강원도 홍천군 홍천읍 공작산로 99","033-432-2119","37.69157","127.902378"
"564",564,"강원소방본부","홍천소방서","양덕원","강원도 홍천군 남면 시동로 38","033-439-2541","37.61259","127.770491"
"565",565,"강원소방본부","홍천소방서","서석","강원도 홍천군 서석면 구룡령로 2512","033-439-2531","37.712916","128.184156"
"566",566,"강원소방본부","횡성소방서","방호구조과(횡성)","강원도 횡성군 횡성읍 문예로 157","033-343-0119","37.485378","127.973961"
"567",567,"강원소방본부","횡성소방서","둔내","강원도 횡성군 둔내면 고원남로 42","033-340-9531","37.506546","128.212301"
"568",568,"강원소방본부","횡성소방서","우천","강원도 횡성군 우천면 서동로 199","033-340-9541","37.4476","128.075094"
"569",569,"강원소방본부","영월소방서","방호구조과(영월)","강원도 영월군 영월읍 영월로 1863","033-373-0119","37.185391","128.458432"
"570",570,"강원소방본부","영월소방서","주천","강원도 영월군 송학주천로 1467-15","033-371-7531","37.274808","128.269768"
"571",571,"강원소방본부","영월소방서","영월_중동","강원도 영월군 중동면 응고개길 10-17","033-371-7541","37.14255","128.679806"
"572",572,"강원소방본부","평창소방서","현장대응과(평창)","강원도 평창군 평창읍 살구실길 10","033-333-9118","37.378237","128.389302"
"573",573,"강원소방본부","평창소방서","진부","강원도 평창군 진부면 진부로 37","033-339-8531","37.644742","128.567439"
"574",574,"강원소방본부","평창소방서","봉평","강원도 평창군 봉평면 기풍로 107-6","033-339-8541","37.612419","128.377678"
"575",575,"강원소방본부","평창소방서","대화","강원도 평창군 대화면 평창대로 934","033-339-8506","37.503112","128.454299"
"576",576,"강원소방본부","평창소방서","대관령","강원도 평창군 대관령면 올림픽로 62-20","033-339-8551","37.672549","128.701221"
"577",577,"강원소방본부","정선소방서","방호구조과(정선)","강원도 정선군 녹송로 27","033-563-0119","37.379665","128.671903"
"578",578,"강원소방본부","정선소방서","신동","강원도 정선군 신동읍 의림로 342","033-378-0119","37.220848","128.64718"
"579",579,"강원소방본부","정선소방서","고한","강원도 정선군 고한읍 강원남로 6455","033-591-3119","37.194942","128.869909"
"580",580,"강원소방본부","정선소방서","임계","강원도 정선군 임계면 송계4길 9","033-562-6119","37.495239","128.852772"
"581",581,"강원소방본부","정선소방서","사북","강원도 정선군 사북읍 하이원길 29","033-592-2119","37.224175","128.815629"
"582",582,"강원소방본부","철원소방서","방호구조과(갈말)","강원도 철원군 갈말읍 태봉로 1504","033-452-7119","38.185562","127.32376"
"583",583,"강원소방본부","철원소방서","동송","강원 철원 금학로 251길 17","033-450-2531","38.210783","127.216148"
"584",584,"강원소방본부","철원소방서","김화","강원도 철원군 서면 약수로 76","033-450-2541","38.245719","127.435257"
"585",585,"강원소방본부","철원소방서","갈말","강원도 철원군 갈말읍 명성로 229","033-450-2551","38.15221","127.306966"
"586",586,"강원소방본부","인제소방서","방호구조과(인제)","강원도 인제군 인제읍 비봉로 44번길 71","033-460-9210","38.061353","128.168634"
"587",587,"강원소방본부","인제소방서","원통","강원도 인제군 북면 원통로 276","033-461-3119","38.126199","128.213583"
"588",588,"강원소방본부","인제소방서","기린","강원도 인제군 기린면 내린천로 4100","033-461-5119","37.961636","128.320661"
"589",589,"강원소방본부","고성소방서","방호구조과(간성)","강원도 고성군 간성읍 수성로 37-11","033-681-1119","38.376992","128.473836"
"590",590,"강원소방본부","고성소방서","동광","강원도 고성군 토성면 동해대로 5320","033-631-1119","38.281172","128.549202"
"591",591,"강원소방본부","고성소방서","거진","강원도 고성군 거진읍 수외길 19","033-681-7119","38.441016","128.452633"
"592",592,"강원소방본부","양양소방서","방호구조과(양양)","강원도 양양군 양양읍 남대천로 33","033-671-2119","38.067409","128.622504"
"593",593,"강원소방본부","양양소방서","현남북","강원도 양양군 현북면 동해대로 1115-33","033-672-2119","37.995069","128.740415"
"594",594,"충북소방본부","동부소방서_충북","동부(충북)_중앙","충북 청주시 상당구 영운로 61","043-255-0119","36.620445","127.494487"
"595",595,"충북소방본부","동부소방서_충북","율량","충북 청주시 청원구 율봉로202번길 66-2","043-213-0119","36.665898","127.490458"
"596",596,"충북소방본부","동부소방서_충북","북문","충북 청주시 상당구 상당로 168","043-224-1119","36.643582","127.490224"
"597",597,"충북소방본부","동부소방서_충북","문의","충북 청주시 상당구 문의면 문의시내1길 8","043-298-7119","36.517312","127.496552"
"598",598,"충북소방본부","동부소방서_충북","내수","충북 청주시 청원구 내수읍 청암로80","043-214-0119","36.72471","127.538841"
"599",599,"충북소방본부","동부소방서_충북","오창","충북 청주시 청원구 오창읍 중심상업2로 30","043-216-2119","36.712781","127.432423"
"600",600,"충북소방본부","서부소방서_충북","서부(충북)_중앙","충북 청주시 흥덕구 가경로 143","043-249-9804","36.627439","127.437209"
"601",601,"충북소방본부","서부소방서_충북","복대","충북 청주시 흥덕구 공단로 93","043-249-9822","36.639585","127.43913"
"602",602,"충북소방본부","서부소방서_충북","서부(충북)_남부","충북 청주시 서원구 산미로 70","043-249-9837","36.603961","127.470425"
"603",603,"충북소방본부","서부소방서_충북","서부(충북)_사직","충북 청주시 서원구 사직대로 229","043-249-9852","36.637856","127.472345"
"604",604,"충북소방본부","서부소방서_충북","남이","충북 청주시 서원구 청남로 866","043-249-9867","36.530721","127.428778"
"605",605,"충북소방본부","서부소방서_충북","오송","층북 청주시 흥덕구 오송생명3로 71-5","043-249-9882","37.572852","126.978909"
"606",606,"충북소방본부","충주소방서","충주_중앙","충북 충주시 목행산단7로 9","043-841-3331","37.003267","127.92027"
"607",607,"충북소방본부","충주소방서","충주_남부","충북 충주시 호암대로 13","043-841-3340","36.959244","127.927947"
"608",608,"충북소방본부","충주소방서","수안보","충북 충주시 수안보면 관동길 9-7","043-841-3350","36.847088","127.994099"
"609",609,"충북소방본부","충주소방서","주덕","충북 충주시 주덕읍 신양로 35","043-841-3360","36.971123","127.791017"
"610",610,"충북소방본부","충주소방서","앙성","충북 충주시 앙성면 가곡로 1019","043-841-3370","37.108692","127.752255"
"611",611,"충북소방본부","충주소방서","연수","충북 충주시 동수10길 1","전화공사중","36.982752","127.935285"
"612",612,"충북소방본부","제천소방서","제천_중앙","충북 제천시 신죽하로 164","043-641-7119","37.160951","128.212539"
"613",613,"충북소방본부","제천소방서","화산","충북 제천시 강명길 17","043-641-7310","37.118665","128.204087"
"614",614,"충북소방본부","제천소방서","제천_봉양","충북 제천시 봉양읍 북부로1433","043-641-7340","37.131567","128.12863"
"615",615,"충북소방본부","보은소방서","보은_중앙","충북 보은군 보은읍 남부로 4415","043-773-0215","36.476973","127.722057"
"616",616,"충북소방본부","보은소방서","속리산","충북 보은군 속리산면 법주사로 278","043-773-0231","36.532079","127.823813"
"617",617,"충북소방본부","보은소방서","구병산","충북 보은군 마로면 관기송현로 78","043-773-0251","36.435593","127.817471"
"618",618,"충북소방본부","옥천소방서","옥천_중앙","충북 옥천군 옥천읍 중앙로 132","043-730-1901","36.307978","127.574194"
"619",619,"충북소방본부","옥천소방서","청산","충북 옥천군 청산면 남부로 2306","043-730-1921","36.34505","127.781323"
"620",620,"충북소방본부","영동소방서","영동_중앙","충북 영동군 영동읍 영동황간로 174","043-740-7111","36.165638","127.789064"
"621",621,"충북소방본부","영동소방서","황간","충북 영동군 황간면 황간로 132","043-742-4119","36.235296","127.90399"
"622",622,"충북소방본부","증평소방서","증평_중앙","증평군 증평읍 충청대로 1789","043-836-4119","36.78817","127.584018"
"623",623,"충북소방본부","진천소방서","진천_중앙","충북 진천군 진천읍 진광로 93","043-539-3875","36.872667","127.441142"
"624",624,"충북소방본부","진천소방서","광혜원","충북 진천군 광혜원면 화랑길 99","043-539-8221","36.991816","127.43667"
"625",625,"충북소방본부","진천소방서","진천_덕산","충북 진천군 덕산면 초금로 606-1","043-539-8241","36.899284","127.510663"
"626",626,"충북소방본부","괴산소방서","괴산_중앙","충북 괴산군 괴강로 69","043-760-0216","36.807584","127.801431"
"627",627,"충북소방본부","괴산소방서","청천","충북 괴산군 청청면 선평길 78-9","043-760-0235","36.658103","127.734208"
"628",628,"충북소방본부","음성소방서","음성_중앙","충북 음성군 금왕읍 응천서길 11","043-877-0119","36.989687","127.59524"
"629",629,"충북소방본부","음성소방서","음성","충북 음성군 음성읍 음성로 122","043-872-2119","36.930537","127.678562"
"630",630,"충북소방본부","음성소방서","대소","충북 음성군 대소면 오산로 74","043-881-7119","36.969572","127.486003"
"631",631,"충북소방본부","음성소방서","감곡","충북 음성군 감곡면 음성로 2652","043-881-3119","37.112006","127.644033"
"632",632,"충북소방본부","단양소방서","단양_중앙","충북 단양군 단양읍 중앙1로 29","043-421-0119","36.986185","128.3678"
"633",633,"충북소방본부","단양소방서","매포","충북 단양군 매포읍 평동4로 79","043-422-0119","37.031115","128.29483"
"634",634,"충남소방본부","천안동남소방서","구성","충남 천안시 동남구 천안대로 580","041-570-0332","36.800187","127.165317"
"635",635,"충남소방본부","천안동남소방서","청당","충남 천안시 동남구 광덕면 신흥리1길 148","041-570-0402","36.700621","127.110859"
"636",636,"충남소방본부","천안동남소방서","독립","충남 천안시 동남구 목천읍 삼방로 95","041-570-0362","36.783543","127.222466"
"637",637,"충남소방본부","천안동남소방서","병천","충남 천안시 동남구 병천면 아우내순대길 78","041-570-0382","36.764246","127.300895"
"638",638,"충남소방본부","천안동남소방서","풍세","2018년 개서 예정","미설치","37.572852","126.978909"
"639",639,"충남소방본부","천안서북소방서","차암","충남 천안시 서북구 직산읍 4산단 2길 32","041-360-0331","36.862594","127.116073"
"640",640,"충남소방본부","천안서북소방서","성거","충남 천안시 서북구 성거읍 천흥8길 11","041-360-0361","36.88331","127.20788"
"641",641,"충남소방본부","천안서북소방서","서부","충남 천안시 서북구 양지18길 22","041-360-0381","36.812262","127.138791"
"642",642,"충남소방본부","천안서북소방서","두정","충남 천안시 서북구 성정동 1공단 2길 16","041-360-0401","36.827664","127.146596"
"643",643,"충남소방본부","천안서북소방서","성환","충남 천안시 서북구 성환읍 성환1로 395","041-360-0421","36.927662","127.131171"
"644",644,"충남소방본부","천안서북소방서","쌍용","충남 천안시 서북구 월봉로 78","041-360-0441","36.797596","127.118316"
"645",645,"충남소방본부","천안서북소방서","입장","충남 천안시 서북구 망향로 1107","041-360-0461","36.909036","127.227266"
"646",646,"충남소방본부","천안서북소방서","직산","2018년 개서 예정","미설치","37.572852","126.978909"
"647",647,"충남소방본부","천안서북소방서","불당","2018년 개서 예정","미설치","37.572852","126.978909"
"648",648,"충남소방본부","공주소방서","공주_교동","충남 공주시 무령로 55","041-851-0212","36.459449","127.10835"
"649",649,"충남소방본부","공주소방서","유구","충남 공주시 유구읍 유구외곽로 368","041-851-0362","36.539948","126.945955"
"650",650,"충남소방본부","공주소방서","신관","충남 공주시 의당로 31","041-851-0382","36.474885","127.129818"
"651",651,"충남소방본부","공주소방서","동학사","충남 공주시 반포면 동학사1로 110","041-851-0402","36.363742","127.254005"
"652",652,"충남소방본부","공주소방서","공주_계룡","충남 공주시 계룡면 월암송정길 18","041-851-0422","36.361332","127.141429"
"653",653,"충남소방본부","보령소방서","죽정","충남 보령시 대천로 122","041-930-0333","36.356353","126.605668"
"654",654,"충남소방본부","보령소방서","신흑","충남 보령시 대천항로 205","041-930-0361","36.316756","126.514334"
"655",655,"충남소방본부","보령소방서","웅천","충남 보령시 웅천읍 충서로 947","041-930-0381","36.235111","126.597154"
"656",656,"충남소방본부","보령소방서","오천","충남 보령시 오천면 소성안길 47","041-930-0401","36.4386","126.521995"
"657",657,"충남소방본부","보령소방서","주포","충남 보령시 주포면 질재로 47-16","041-930-0421","36.415291","126.587588"
"658",658,"충남소방본부","아산소방서","모종","충남 아산시 문화로 293","041-538-0332","36.786703","127.016323"
"659",659,"충남소방본부","아산소방서","둔포","충남 아산시 둔포면 충무로 1848","041-538-0362","36.931269","127.042773"
"660",660,"충남소방본부","아산소방서","신창","충남 아산시 신창면 순천향로 48","041-538-0382","36.771128","126.93535"
"661",661,"충남소방본부","아산소방서","인주","충남 아산시 인주면 공세길 19","041-538-0402","36.880493","126.910008"
"662",662,"충남소방본부","아산소방서","배방","충남 아산시 배방읍 배방로 38","041-538-0422","36.773386","127.053759"
"663",663,"충남소방본부","아산소방서","탕정","충남 아산시 탕정면 탕정로 26","041-538-0442","36.799078","127.048158"
"664",664,"충남소방본부","아산소방서","장재","2018년 개서 예정","미설치","37.572852","126.978909"
"665",665,"충남소방본부","서산소방서","서산_예천","충남 서산시 호수공원 14로 26-4(예천동)","041-689-0330","36.773064","126.445345"
"666",666,"충남소방본부","서산소방서","서산_대산","충남 서산시 대산읍 망일산로 831-15","041-689-0362","36.94085","126.439533"
"667",667,"충남소방본부","서산소방서","서산_동부","충남 서산시 학동3로53(동문동)","041-689-0382","36.790037","126.459211"
"668",668,"충남소방본부","서산소방서","해미","충남 서산시 해미면  성지3길 33","041-689-0402","36.710092","126.542593"
"669",669,"충남소방본부","서산소방서","부석","충남 서산시 부석면 강경벌로 10","041-689-0422","36.717495","126.393684"
"670",670,"충남소방본부","서산소방서","성연","충남 서산 성연5로 92-31","041-689-0442","36.825986","126.446924"
"671",671,"충남소방본부","논산소방서","논산_내동","충남 논산시 대학로 17","041-730-0332","36.178281","127.100382"
"672",672,"충남소방본부","논산소방서","반월","충남 논산시 해월로 153-1","041-730-0402","36.204464","127.084131"
"673",673,"충남소방본부","논산소방서","강경","충남 논산시 강경읍 동안로 3","041-730-0362","36.157779","127.01844"
"674",674,"충남소방본부","논산소방서","연무","충남 논산시 연무읍 동안로 1137","041-730-0382","36.126522","127.128255"
"675",675,"충남소방본부","논산소방서","논산_연산","충남 논산시 연산면 관창로 54","041-730-0422","36.212465","127.182784"
"676",676,"충남소방본부","계룡소방서","계룡","충남 계룡시 두마면 사계로 170","042-540-5332","36.261969","127.274435"
"677",677,"충남소방본부","계룡소방서","엄사","2018년 개서 예정","미설치","37.572852","126.978909"
"678",678,"충남소방본부","당진소방서","당진","충남 당진시 역천로 838(채운동)","041-350-5300","36.885648","126.617936"
"679",679,"충남소방본부","당진소방서","합덕","충남 당진시 우강면 중방로 2","041-350-5382","36.812821","126.766655"
"680",680,"충남소방본부","당진소방서","송악","충남 당진시 송악읍 송악로 1019","041-350-5402","36.960163","126.768308"
"681",681,"충남소방본부","당진소방서","석문","충남 당진시 석문면 보덕포로 1069-21","041-350-5362","36.985172","126.588727"
"682",682,"충남소방본부","당진소방서","당진_신평","충남 당진시 신평면 신평길 133","041-350-5422","36.881074","126.77715"
"683",683,"충남소방본부","당진소방서","기지시","충남 당진시 송악읍 틀모시로 844","041-350-5442","36.908494","126.690829"
"684",684,"충남소방본부","금산소방서","금산_금산","충남 금산군 금산읍 삼풍로 2","041-750-1331","36.099908","127.4801"
"685",685,"충남소방본부","금산소방서","추부","충남 금산군 추부면 삼육로 47","041-750-1362","36.193974","127.46825"
"686",686,"충남소방본부","금산소방서","복진","충남 금산군 진산면 읍내로 47-1","041-750-1382","36.143225","127.36837"
"687",687,"충남소방본부","부여소방서","백제","충남 부여군 규암면 계백로 17","041-830-0212","36.274992","126.882239"
"688",688,"충남소방본부","부여소방서","사비","충남 부여군 부여읍 북포로 29","041-830-0362","36.285892","126.926956"
"689",689,"충남소방본부","부여소방서","임천","충남 부여군 임천면 성흥로 179번길 1","041-830-0402","36.184163","126.896509"
"690",690,"충남소방본부","부여소방서","홍산","충남 부여군 홍산면 북토로 89","041-830-0382","36.218228","126.7554"
"691",691,"충남소방본부","부여소방서","외산","충남 부여군 외산면 만수로 235","041-830-0422","36.302017","126.705834"
"692",692,"충남소방본부","서천소방서","서천_장항","충남 서천군 장항읍 장항로 37","041-955-0332","36.0135","126.683024"
"693",693,"충남소방본부","서천소방서","서천","충남 서천군 서천읍 충절로49번길 33-8","041-955-0362","36.07691","126.68861"
"694",694,"충남소방본부","서천소방서","한산","충남 서천군 한산면 충절로 1164","041-955-0422","36.083115","126.806212"
"695",695,"충남소방본부","서천소방서","비인","충남 서천군 비인면 비인로 141","041-955-0382","36.138293","126.605208"
"696",696,"충남소방본부","서천소방서","서면","충남 서천군 서면 부사로 153","041-955-0402","36.163138","126.531586"
"697",697,"충남소방본부","홍성소방서","구룡","충남 홍성군 홍성읍 충절로 741","041-630-0312","36.584851","126.695972"
"698",698,"충남소방본부","홍성소방서","옥암","충남 홍성군 홍성읍 충서로 1258","041-632-0119","36.588811","126.657549"
"699",699,"충남소방본부","홍성소방서","광천","충남 홍성군 광천읍 충서로 354","041-641-2119","36.51405","126.622464"
"700",700,"충남소방본부","홍성소방서","갈산","충남 홍성군 갈산면 갈산로150번길 16","041-633-2119","36.59992","126.554205"
"701",701,"충남소방본부","홍성소방서","내포","충남 홍성군 홍북읍 의향로 133","041-635-9119","36.647315","126.677031"
"702",702,"충남소방본부","예산소방서","오가","충남 예산군 오가면 오가중앙로 111","041-330-4331","36.686672","126.802025"
"703",703,"충남소방본부","예산소방서","예산_금오","충남 예산군 예산읍 예당관광로 760","041-330-4361","36.678526","126.827138"
"704",704,"충남소방본부","예산소방서","삽교","충남 예산군 삽교읍 삽교로1길 34","041-330-4381","36.68898","126.73836"
"705",705,"충남소방본부","예산소방서","예산_덕산","충남 예산군 덕산면 도청대로 1160","041-330-4401","36.704879","126.673204"
"706",706,"충남소방본부","태안소방서","태안_태안","충남 태안군 태안읍 동백로 100","041-671-0334","36.758023","126.286116"
"707",707,"충남소방본부","태안소방서","안면","충남 태안군 안면읍 장터로 77","041-671-0363","36.515894","126.348116"
"708",708,"충남소방본부","태안소방서","원북","충남 태안군 원북면 원이로 1031","041-671-0383","36.835652","126.272391"
"709",709,"충남소방본부","태안소방서","근흥","충남 태안군 근흥면 신진대교길 201-8","041-671-0402","36.682573","126.14715"
"710",710,"충남소방본부","청양소방서","청양","충남 청양군 청양읍 충절로 1187","041-940-7252","36.451645","126.792452"
"711",711,"충남소방본부","청양소방서","정산","충남 청양군 정산면 서정4길 49","041-940-7362","36.416611","126.947867"
"712",712,"전북소방본부","전주덕진소방서","금암","전북 전주시 덕진구 백제대로 611","063-250-4272","35.8424","127.136654"
"713",713,"전북소방본부","전주덕진소방서","팔복","전북 전주시 덕진구 온고을로 430","063-250-4273","35.850584","127.082318"
"714",714,"전북소방본부","전주덕진소방서","전미","전북 전주시 덕진구 과학로 144","063-250-4274","35.881812","127.12864"
"715",715,"전북소방본부","전주덕진소방서","삼례","전북 완주군 삼례읍 삼례역로 27","063-250-4275","35.908942","127.070458"
"716",716,"전북소방본부","전주덕진소방서","봉동","전북 완주군 봉동읍 완주산단5로 89","063-250-4276","35.944053","127.127285"
"717",717,"전북소방본부","전주덕진소방서","아중","전북 전주시 덕진구 진버들4길 16","063-250-4277","35.836087","127.163969"
"718",718,"전북소방본부","전주덕진소방서","전주덕진_고산","전북 완주군 고산면 고산로 49","063-250-4278","35.975953","127.202603"
"719",719,"전북소방본부","전주완산소방서","전주완산_효자","전북 전주시 완산구 거마평로 73","063-220-4272","35.799238","127.116438"
"720",720,"전북소방본부","전주완산소방서","서부","전북 전주시 완산구 우전로 228","063-220-4278","35.814882","127.102277"
"721",721,"전북소방본부","전주완산소방서","전주완산_교동","전북 전주시 완산구 경기전길 183","063-220-4273","35.811192","127.151744"
"722",722,"전북소방본부","전주완산소방서","노송","전북 전주시 완산구 관선4길 38","063-220-4274","35.822313","127.156076"
"723",723,"전북소방본부","전주완산소방서","평화","전북 전주시 완산구 평화로 105","063-220-4275","35.786267","127.133844"
"724",724,"전북소방본부","전주완산소방서","혁신","전북 완주군 이서면 지사제2로 12","063-220-4217","35.83215","127.023477"
"725",725,"전북소방본부","전주완산소방서","임실","전북 임실읍 봉황8길 31","063-220-4276","35.613421","127.283107"
"726",726,"전북소방본부","군산소방서","사정","전북 군산시 번영로 308 1층","063-450-0272","35.962842","126.751107"
"727",727,"전북소방본부","군산소방서","금동","전북 군산시 군산창길 1","063-450-0274","35.98976","126.70721"
"728",728,"전북소방본부","군산소방서","군산_항만","전북 군산시 임해로 462","063-450-0275","35.97137","126.628157"
"729",729,"전북소방본부","군산소방서","비응","전북 군산시 새만금북로 43","063-450-0279","35.943825","126.541313"
"730",730,"전북소방본부","군산소방서","지곡","전북 군산시 백토로 223","063-450-0273","35.959104","126.704758"
"731",731,"전북소방본부","군산소방서","경암","전북 군산시 구암3.1로 147","063-450-0277","35.98172","126.735516"
"732",732,"전북소방본부","군산소방서","소룡","전북 군산시 공단대로 632","063-450-0276","35.974419","126.678613"
"733",733,"전북소방본부","군산소방서","대야","전북 군산시 대야면 대야관통로 134","063-450-0278","35.946075","126.820115"
"734",734,"전북소방본부","익산소방서","팔봉","전북 익산시 무왕로 1338","063-839-3272","35.962241","127.005109"
"735",735,"전북소방본부","익산소방서","남중","전북 익산시 인북로 226","063-839-3274","35.948836","126.957456"
"736",736,"전북소방본부","익산소방서","익산_공단","전북 익산시 선화로 429","063-839-3275","35.947201","126.977111"
"737",737,"전북소방본부","익산소방서","인화","전북 익산시 목천로 301","063-839-3276","35.928302","126.954541"
"738",738,"전북소방본부","익산소방서","익산_모현","전북 익산시 배산로 181","063-839-3273","35.953723","126.941779"
"739",739,"전북소방본부","익산소방서","함열","전북 익산시 황등면 황등서로 55","063-839-3277","36.002121","126.938958"
"740",740,"전북소방본부","익산소방서","금마","전북 익산시 함열읍 함열중앙로 133","063-839-3278","36.07614","126.971932"
"741",741,"전북소방본부","정읍소방서","하북","전북 정읍시 서부산업도로 507-5","063-570-1272","35.5883","126.858548"
"742",742,"전북소방본부","정읍소방서","시기","전북 정읍시 정읍남로 1421","063-570-1273","35.557783","126.857379"
"743",743,"전북소방본부","정읍소방서","신태인","전북 정읍시 정신로 1241","063-570-1274","35.691366","126.878326"
"744",744,"전북소방본부","정읍소방서","영원","전북 정읍시 영원면 영원로 1048","063-570-1275","35.652169","126.784204"
"745",745,"전북소방본부","남원소방서","식정","전북 남원시 요천로 1965","063-620-3772","35.436794","127.416195"
"746",746,"전북소방본부","남원소방서","인월","전북 남원시 인월면 황산로 1828","063-620-3774","35.465416","127.602217"
"747",747,"전북소방본부","남원소방서","금지","전북 남원시 금지면 요천로 430","063-620-3775","35.347914","127.303137"
"748",748,"전북소방본부","남원소방서","순창","전북 순창군 순창읍 교성로 24","063-620-3773","35.372052","127.133917"
"749",749,"전북소방본부","김제소방서","김제_교동","전북 김제시 벽성로 278","063-540-4272","35.798954","126.870048"
"750",750,"전북소방본부","김제소방서","만경","전북 김제시 만경읍 만경공단1길 7","063-540-4273","35.857873","126.816933"
"751",751,"전북소방본부","김제소방서","김제_금산","전북 김제시 금산면 금산사로 29","063-540-4274","35.719559","126.994638"
"752",752,"전북소방본부","고창소방서","고창","전북 고창군 고창읍 녹두로 1294","063-560-1272","35.432798","126.687778"
"753",753,"전북소방본부","고창소방서","무장","전북 고창군 무장면 무장남북로 20-5","063-560-1273","35.416619","126.561588"
"754",754,"전북소방본부","고창소방서","흥덕","전북 고창군 흥덕면 문화2길 21","063-560-1274","35.517322","126.703254"
"755",755,"전북소방본부","고창소방서","고창_대산","전북 고창군 대산면 공음대산로 932","063-560-1275","35.339914","126.598369"
"756",756,"전북소방본부","부안소방서","부안","전북 부안군 행안면 변산로 86","063-580-1272","35.72977","126.711889"
"757",757,"전북소방본부","부안소방서","격포","전북 부안군 변산면 격포항길 64-17","063-580-1273","35.620058","126.470623"
"758",758,"전북소방본부","무진장소방서","장계","전북 장수군 장계면 육십령로 136","063-350-6272","35.732255","127.589529"
"759",759,"전북소방본부","무진장소방서","진안","전북 진안군 진안읍 진무로 1179","063-350-6273","35.796424","127.434721"
"760",760,"전북소방본부","무진장소방서","마령","전북 진안군 마령면 임진로 2077-24","063-350-6276","35.731795","127.369792"
"761",761,"전북소방본부","무진장소방서","무주","전북 무주군 무주읍 당산강변로 126","063-350-6274","36.002819","127.655151"
"762",762,"전북소방본부","무진장소방서","장수","전북 장수군 호비로 42","063-350-6275","35.649933","127.521241"
"763",763,"전남소방본부","목포소방서","하당","전남 전남 목포시 삼향천로 110","061-280-0890","37.572852","126.978909"
"764",764,"전남소방본부","목포소방서","호남","전남 목포시 영산로 165","061-280-0925","34.797087","126.38798"
"765",765,"전남소방본부","목포소방서","경동","전남 목포시 유동로 42번길 1","061-280-0930","34.785565","126.380692"
"766",766,"전남소방본부","목포소방서","삼학","전남 목포시 삼학로 218","061-280-0935","34.790172","126.406762"
"767",767,"전남소방본부","목포소방서","연산","전남 목포시 산정공단로 64","061-280-0940","34.818774","126.377721"
"768",768,"전남소방본부","목포소방서","지도","전남 신안군 지도읍 해제지도로 1304","061-280-0945","35.058862","126.204915"
"769",769,"전남소방본부","목포소방서","안좌","전남 신안군 안좌면 중부로 884","061-280-0950","34.75727","126.124041"
"770",770,"전남소방본부","여수소방서","학동","전남 여수시 망마로 20","061-680-0890","34.759953","127.664987"
"771",771,"전남소방본부","여수소방서","소라","전남 여수시 소라면 여순로 297","061-680-0955","34.83104","127.614544"
"772",772,"전남소방본부","여수소방서","평여","전남 여수시 여수산단로 321(평여동)","061-680-0940","34.811071","127.670526"
"773",773,"전남소방본부","여수소방서","연등","전남 여수시 좌수영로 162(연등동)","061-680-0925","34.754766","127.726714"
"774",774,"전남소방본부","여수소방서","여서","전남 여수시 문수로 131(문수동)","061-680-0945","34.756502","127.708074"
"775",775,"전남소방본부","여수소방서","봉산","전남 여수시 어항단지로 222-5(남산동)","061-680-0935","34.73022","127.730114"
"776",776,"전남소방본부","여수소방서","돌산","전남 여수시 돌산읍 강남로 34","061-680-0950","34.718643","127.7502"
"777",777,"전남소방본부","순천소방서","서면","전남 순천시 서면 삼산로 281","061-750-0890","34.986724","127.503846"
"778",778,"전남소방본부","순천소방서","저전","전남 순천시 중앙로 19","061-750-0926","34.948057","127.48655"
"779",779,"전남소방본부","순천소방서","왕조","전남 순천시 기적의도서관 1길 30","061-750-0931","34.952669","127.524777"
"780",780,"전남소방본부","순천소방서","연향","전남 순천시 연향1로 26","061-750-0941","34.944744","127.517122"
"781",781,"전남소방본부","순천소방서","승주","전남 순천시 승주읍 승평길 19","061-750-0936","35.019268","127.373977"
"782",782,"전남소방본부","순천소방서","해룡","전남 순천시 해룡면 율촌산단5로 17","061-750-0951","34.891726","127.586509"
"783",783,"전남소방본부","순천소방서","구례","전남 구례군 구례읍 양정4길 37","061-750-0946","35.202428","127.470104"
"784",784,"전남소방본부","나주소방서","경현","전남 나주시 예향로 4201","061-330-0890","35.027828","126.7099"
"785",785,"전남소방본부","나주소방서","이창","전남 나주시 이창택지길 6-13","061-330-0925","34.994975","126.706425"
"786",786,"전남소방본부","나주소방서","남평","전남 나주시 남평읍 지석로 106","061-330-0930","35.041402","126.846022"
"787",787,"전남소방본부","나주소방서","빛가람","전남 나주시 그린로 296","061-330-0935","35.013094","126.796051"
"788",788,"전남소방본부","광양소방서","중마","전남 광양시 중마중앙로 109","061-798-0890","34.939763","127.697604"
"789",789,"전남소방본부","광양소방서","금호","전남 광양시 희망길 12-12(금호동)","061-798-0935","34.936583","127.725292"
"790",790,"전남소방본부","광양소방서","광영","전남 광양시 금영로 87(광영동)","061-798-0930","34.958773","127.7203"
"791",791,"전남소방본부","광양소방서","광양","전남 광양시 광양읍 서천변로 175","061-798-0925","34.978504","127.573558"
"792",792,"전남소방본부","담양소방서","담양","전남 담양군 담양읍 추성로 1232","061-380-0890","35.318143","126.97354"
"793",793,"전남소방본부","담양소방서","곡성","전남 곡성군 곡성읍 학교로 7","061-380-0926","35.277229","127.289428"
"794",794,"전남소방본부","담양소방서","옥과","전남 곡성군 옥과면 리문6길 29","061-380-0931","35.274492","127.137463"
"795",795,"전남소방본부","담양소방서","장성","전남 장성군 장성읍 단풍로 204","061-380-0936","35.320501","126.799738"
"796",796,"전남소방본부","담양소방서","삼계","전남 장성군 삼계면 영장로 1632","061-380-0941","35.255056","126.667264"
"797",797,"전남소방본부","고흥소방서","고흥","전남 고흥군 풍양면 고흥로 1330","061-840-0890","34.581569","127.256037"
"798",798,"전남소방본부","고흥소방서","과역","전남 고흥군 과역면 과역로 974","061-840-0978","34.683552","127.37187"
"799",799,"전남소방본부","고흥소방서","도양","전남 고흥군 도양읍 녹동신항5길 4","061-840-0925","34.525926","127.141213"
"800",800,"전남소방본부","보성소방서","벌교","전남 보성군 벌교읍 녹색로 5247","061-859-0890","34.838464","127.315489"
"801",801,"전남소방본부","보성소방서","보성","전남 보성군 보성읍 송재로 160","061-859-0925","34.770093","127.080096"
"802",802,"전남소방본부","보성소방서","홍교","전남 보성군 벌교읍 홍암로 116-4","061-859-0930","34.846672","127.354388"
"803",803,"전남소방본부","화순소방서","화순","전남 화순군 화순읍 학포로 2750","061-379-0890","35.050671","126.97081"
"804",804,"전남소방본부","화순소방서","동복","전남 화순군 동복면 칠정1길 14","061-379-0972","35.071386","127.129062"
"805",805,"전남소방본부","화순소방서","능주","전남 화순군 능주면 지석로 1428","061-379-0925","34.996017","126.949963"
"806",806,"전남소방본부","강진소방서","강진","전남 강진군 군동면 중앙로 223","061-430-0890","34.643228","126.780926"
"807",807,"전남소방본부","강진소방서","장흥","전남 장흥군 장흥읍 평화우산길 22","061-430-0926","34.674544","126.910118"
"808",808,"전남소방본부","강진소방서","관산","전남 장흥군 관산읍 관산우회로 103","061-430-0931","34.565235","126.935382"
"809",809,"전남소방본부","해남소방서","해남","전남 해남군 해남읍 교육청길 82","061-530-0890","34.566702","126.60794"
"810",810,"전남소방본부","해남소방서","송지","전남 해남군 송지면 미야길 237-3","061-530-0942","34.377994","126.5222"
"811",811,"전남소방본부","해남소방서","완도","전남 완도군 완도읍 장보고대로 103","061-530-0926","34.324714","126.741982"
"812",812,"전남소방본부","해남소방서","고금","완도군 고금면 고금동로 266","061-530-0936","34.402888","126.825313"
"813",813,"전남소방본부","해남소방서","진도","전남 진도군 진도읍 진도대로 6945","061-530-0932","34.473019","126.247265"
"814",814,"전남소방본부","영암소방서","삼호","전남 영암군 삼호읍 나불로 192","061-460-0890","34.766935","126.439013"
"815",815,"전남소방본부","영암소방서","영암","전남 영암군 영암읍 월출로 46","061-460-0925","34.798406","126.686236"
"816",816,"전남소방본부","무안소방서","무안","전남 무안군 무안읍 공항로 133","061-450-0890","34.994648","126.46633"
"817",817,"전남소방본부","무안소방서","일로","전남 무안군 일로읍 삼일로 493-1","061-450-0925","34.851159","126.490023"
"818",818,"전남소방본부","무안소방서","해제","전남 무안군 해제면 현해로 1621","061-450-0930","35.112415","126.301071"
"819",819,"전남소방본부","무안소방서","남악","전남 무안군 삼향읍 남악5로72번길81-18","061-450-0935","34.811517","126.482507"
"820",820,"전남소방본부","함평소방서","함평","함평군 대동면 함장로 1202-93","061-338-0890","35.052463","126.531049"
"821",821,"전남소방본부","영광소방서","영광","전남 영광군 영광읍 함영로 3508","061-350-0890","35.263014","126.509111"
"822",822,"전남소방본부","영광소방서","홍농","전남 영광군 홍농읍 홍농로 543","061-350-0925","35.402377","126.449015"
"823",823,"경북소방본부","포항북부소방서","포항북부_덕산","경상북도 포항시 북구 중앙로 332","054-260-2400","36.042516","129.366125"
"824",824,"경북소방본부","포항북부소방서","두호","경상북도 퐁항시 북구 삼호로 305","054-260-2410","37.572852","126.978909"
"825",825,"경북소방본부","포항북부소방서","흥해","경상북도 포항시 북구 흥해읍 중성로 67","054-260-2420","36.109193","129.350483"
"826",826,"경북소방본부","포항북부소방서","장량","경상북도 포항시 북구 법원로 158","054-260-2430","36.088746","129.387693"
"827",827,"경북소방본부","포항남부소방서","일월","경상북도 포항시 남구 동해안로 5890","054-284-2725","35.993385","129.418922"
"828",828,"경북소방본부","포항남부소방서","해도","경상북도 포항시 남구 중앙로 118","054-281-1119","36.023535","129.368684"
"829",829,"경북소방본부","포항남부소방서","제철","경상북도 포항시 남구 철강로 360","054-286-0119","35.97844","129.378295"
"830",830,"경북소방본부","포항남부소방서","연일","경상북도 포항시 남구 연일읍 철강로 10 (연일119안전센터)","054-286-1119","35.991609","129.344154"
"831",831,"경북소방본부","포항남부소방서","효자","경상북도 포항시 남구 지곡로212번길 45","054-273-2119","36.029455","129.325532"
"832",832,"경북소방본부","포항남부소방서","오천","경상북도 포항시 남구 오천읍 해병로 369","054-292-0119","35.962773","129.409538"
"833",833,"경북소방본부","포항남부소방서","구룡포","경상북도 포항시 남구 구룡포읍 호미로 265","054-284-0119","35.991026","129.559389"
"834",834,"경북소방본부","포항남부소방서","울릉","경상북도 울릉군 울릉읍 울릉순환로 415","054-791-2119","37.484171","130.898212"
"835",835,"경북소방본부","경주소방서","황오","경상북도 경주시 알천남로 276","054-778-0601","35.844254","129.22777"
"836",836,"경북소방본부","경주소방서","경주_동부","경상북도 경주시 중앙로 59","054-778-0611","35.845181","129.211468"
"837",837,"경북소방본부","경주소방서","불국사","경상북도 경주시 불국신택지4길 4","054-778-0621","35.783853","129.327475"
"838",838,"경북소방본부","경주소방서","보문","경상북도 경주시 경감로 587-8","054-778-0631","35.834927","129.287086"
"839",839,"경북소방본부","경주소방서","용황","경상북도 경주시 공단로 25","054-778-0641","35.875301","129.21707"
"840",840,"경북소방본부","경주소방서","안강","경상북도 경주시 안강읍 안강중앙로 146","054-778-0651","35.993241","129.216069"
"841",841,"경북소방본부","경주소방서","경주_외동","경상북도 경주시 외동읍 입실로1길 78-15","054-778-0661","35.716801","129.327294"
"842",842,"경북소방본부","경주소방서","감포","경상북도 경주시 감포읍 감포로8길 14-6","054-778-0671","35.807132","129.501272"
"843",843,"경북소방본부","경주소방서","건천","경상북도 경주시 건천읍 내서로 1065","054-778-0681","35.852955","129.100209"
"844",844,"경북소방본부","김천소방서","지좌","경상북도 김천시 황산로 67","054-436-0118","36.116983","128.138198"
"845",845,"경북소방본부","김천소방서","다수","경상북도 김천시 영남대로 1246","054-430-0119","36.1274","128.072863"
"846",846,"경북소방본부","김천소방서","대광","경상북도 김천시 공단로 152-36","054-432-0119","36.148355","128.138009"
"847",847,"경북소방본부","김천소방서","지례","경상북도 김천시 지례면 장터길 115","054-435-0119","35.990064","128.030582"
"848",848,"경북소방본부","김천소방서","아포","경상북도 김천시 아포읍 아포공단길 45","054-439-0119","36.166554","128.254972"
"849",849,"경북소방본부","안동소방서","법흥","경상북도 안동시 육사로 301","054-854-6119","36.561043","128.737283"
"850",850,"경북소방본부","안동소방서","용상","경상북도 안동시 마들6길 27","054-821-1119","36.550797","128.761745"
"851",851,"경북소방본부","안동소방서","풍산","경상북도 안동시 풍산읍 풍산태사로 1162","054-858-4119","36.5805","128.581951"
"852",852,"경북소방본부","안동소방서","안동_옥동","경상북도 안동시 광명로 85","054-853-6119","36.558728","128.694259"
"853",853,"경북소방본부","안동소방서","청송","경상북도 청송군 청송읍 길안청송로 1630","054-873-1119","36.43387","129.041896"
"854",854,"경북소방본부","안동소방서","영양","경상북도 영양군 영양읍 군민회관길 42-14","054-682-3119","36.659531","129.116477"
"855",855,"경북소방본부","안동소방서","진보","경상북도 청송군 진보면 청송로 6346","054-874-5119","36.521279","129.039584"
"856",856,"경북소방본부","안동소방서","안동_입암","경상북도 영양군 입암면 입암로 153","054-682-4119","36.598114","129.087205"
"857",857,"경북소방본부","구미소방서","구미_공단","경상북도 구미시 수출대로 112","054-461-3119","36.110544","128.376522"
"858",858,"경북소방본부","구미소방서","구미_송정","경상북도 구미시 백산로 207","054-452-0119","36.114265","128.351053"
"859",859,"경북소방본부","구미소방서","원평","경상북도 구미시 산업로 174","054-454-6119","36.128675","128.340637"
"860",860,"경북소방본부","구미소방서","구미_봉곡","경상북도 구미시 봉곡동로 48","054-452-2119","36.154632","128.315391"
"861",861,"경북소방본부","구미소방서","인동","경상북도 구미시 이계북로 147","054-471-0119","36.106104","128.418381"
"862",862,"경북소방본부","구미소방서","선산","경상북도 구미시 선산읍 선산대로 1400-13","054-482-0119","36.239425","128.305003"
"863",863,"경북소방본부","구미소방서","해평","경상북도 구미시 해평면 강동로 1663","054-474-4119","36.198893","128.391099"
"864",864,"경북소방본부","구미소방서","상림","경상북도 구미시 상림로 45","054-465-9116","36.089838","128.36033"
"865",865,"경북소방본부","구미소방서","구미_옥계","경상북도 구미시 산동면 산호대로41길 4","054-471-5119","36.138836","128.439444"
"866",866,"경북소방본부","구미소방서","고아","경상북도 구미시 고아읍 선산대로 821","054-481-3119","36.199611","128.339437"
"867",867,"경북소방본부","영주소방서","문수","경상북도 영주시 문수면 적서로448번길17","054-630-0401","36.791683","128.633425"
"868",868,"경북소방본부","영주소방서","가흥","경상북도 영주시 선비로 181","054-630-0441","36.820783","128.619011"
"869",869,"경북소방본부","영주소방서","풍기","경상북도 영주시 풍기읍 기주로 159","054-630-0411","36.873234","128.519082"
"870",870,"경북소방본부","영주소방서","봉화","경상북도 봉화군 봉화읍 문수로 42","054-630-0421","36.900189","128.735761"
"871",871,"경북소방본부","영주소방서","춘양","경상북도 봉화군 춘양면 소천로 22","054-630-0431","36.921778","128.920949"
"872",872,"경북소방본부","영주소방서","명호","경상북도 봉화군 명호면 도천길 18-46","054-630-0451","36.858225","128.901781"
"873",873,"경북소방본부","영천소방서","영천_동부","경상북도 영천시 호국로 187","054-334-2119","35.977636","128.957861"
"874",874,"경북소방본부","영천소방서","영천_남부","경상북도 영천시 한방로 176-0","054-339-6949","35.938915","128.947113"
"875",875,"경북소방본부","영천소방서","영천_금호","경상북도 영천시 금호읍 오계공단길 5","054-334-0119","35.91379","128.887566"
"876",876,"경북소방본부","영천소방서","신녕","경상북도 영천시 신령면 어릿골길 11","054-332-9119","36.043888","128.778903"
"877",877,"경북소방본부","상주소방서","서성","경상북도 상주시 상산로 322","054-533-2119","36.419635","128.159536"
"878",878,"경북소방본부","상주소방서","함창","경상북도 상주시 함창읍 가야로 46-1","054-541-3119","36.566473","128.178393"
"879",879,"경북소방본부","상주소방서","청리","경상북도 상주시 청리면 마공공단로 152","054-534-9119","36.318529","128.126084"
"880",880,"경북소방본부","상주소방서","화서(신설)","경상북도 상주시 화서면 상현무동길 5","054-533-0119","36.446352","127.948054"
"881",881,"경북소방본부","문경소방서","점촌","경상북도 문경시 중앙로 305","054-555-2119","36.610356","128.209733"
"882",882,"경북소방본부","문경소방서","모전","경상북도 문경시 모전로 173","054-555-5119","36.596272","128.187946"
"883",883,"경북소방본부","문경소방서","가은","경상북도 문경시 가은읍 가은로 126","054-571-5119","36.642222","128.062685"
"884",884,"경북소방본부","문경소방서","문경","경상북도 문경시 문경읍 새재로 501","054-571-0119","36.73482","128.10253"
"885",885,"경북소방본부","문경소방서","문경_예천","경상북도 예천군 예천읍 양궁로 61-12","054-654-2119","36.648151","128.463415"
"886",886,"경북소방본부","문경소방서","지보","경상북도 예천군 지보면 지보로 247","054-653-3119","36.538541","128.382811"
"887",887,"경북소방본부","문경소방서","도청(신설)","경상북도 예천군 호명면 도청대로 19","054-559-2671","36.575842","128.467945"
"888",888,"경북소방본부","경산소방서","압량","경상북도 경산시 압량면 김유신로 12","053-813-1119","35.838464","128.76971"
"889",889,"경북소방본부","경산소방서","경산_중앙","경상북도 경산시 장산로 143","053-813-0119","35.818729","128.740773"
"890",890,"경북소방본부","경산소방서","하양","경상북도 경산시 하양읍 대경로 793","053-852-0119","35.915291","128.825731"
"891",891,"경북소방본부","경산소방서","진량","경상북도 경산시 진량읍 공단2로 72","053-856-0119","35.871505","128.826752"
"892",892,"경북소방본부","경산소방서","자인","경북 경산시 자인면 금학로 25-11","053-857-2119","35.821488","128.826187"
"893",893,"경북소방본부","의성소방서","의성_봉양","경상북도 의성군 봉양면 경북대로 4741","054-834-8119","36.310282","128.598916"
"894",894,"경북소방본부","의성소방서","의성","경상북도 의성군 의성읍 홍술로 187","054-834-7119","36.358267","128.699141"
"895",895,"경북소방본부","의성소방서","안계","경상북도 의성군 안계면 안계길 100","054-861-0119","36.382711","128.441023"
"896",896,"경북소방본부","의성소방서","군위","경상북도 군위군 군위읍 군위공단길 65","054-383-0119","36.207574","128.560419"
"897",897,"경북소방본부","의성소방서","의흥","경상북도 군위군 의흥면 읍내길 23","054-382-7119","36.176709","128.71397"
"898",898,"경북소방본부","영덕소방서","영덕","경상북도 영덕군 영덕읍 경동로 8401","054-734-2119","36.416706","129.371006"
"899",899,"경북소방본부","영덕소방서","강구","경상북도 영덕군 강구면 강산로 38","054-733-4119","36.351375","129.374744"
"900",900,"경북소방본부","영덕소방서","영해","경상북도 영덕군 영해면 창수영해로 481","054-732-0119","36.542393","129.395744"
"901",901,"경북소방본부","경산소방서","청도","경상북도 청도군 청도읍 중앙로 192-34","054-373-0119","35.64821","128.763172"
"902",902,"경북소방본부","경산소방서","풍각","경상북도 청도군 풍각면 송서로 64","054-372-2119","35.638874","128.617757"
"903",903,"경북소방본부","경산소방서","경산_금천","경상북도 청도군 금천면 청려로 4363","054-372-3119","35.690032","128.895211"
"904",904,"경북소방본부","고령소방서","대가야","경상북도 고령군 대가야읍 벽화길18","054-954-0119","35.724023","128.268698"
"905",905,"경북소방본부","고령소방서","다산","경상북도 고령군 다산면 다산로 506","054-955-6119","35.815243","128.434973"
"906",906,"경북소방본부","성주소방서","성주","경상북도 성주군 성주읍 주산로 193","054-930-5606","35.934","128.304817"
"907",907,"경북소방본부","성주소방서","선남(신설)","경상북도 성주군 선남면 도성3길 39-17","054-930-5620","35.882377","128.366732"
"908",908,"경북소방본부","칠곡소방서","왜관","경상북도 칠곡군 기산면 칠곡대로 1216","054-976-7119","35.99564","128.388069"
"909",909,"경북소방본부","칠곡소방서","칠곡_북삼","경상북도 칠곡군 북삼읍 안산2길 46","054-973-4119","36.066727","128.337383"
"910",910,"경북소방본부","칠곡소방서","칠곡_금산","경상북도 칠곡군 왜관읍 공단로 194","054-971-2119","35.967782","128.417082"
"911",911,"경북소방본부","칠곡소방서","칠곡_가산","경상북도 칠곡군 가산면 다부원1길 57","054-974-0119","36.045862","128.520497"
"912",912,"경북소방본부","칠곡소방서","석적","경상북도 칠곡군 석적읍 유학로 140","054-973-2119","36.073548","128.423801"
"913",913,"경북소방본부","울진소방서","울진","경상북도 울진군 울진읍 울진북로 508","054-780-1401","36.99344","129.394576"
"914",914,"경북소방본부","울진소방서","죽변","경상북도 울진군 죽변면 하죽로 1841","054-780-1411","37.054829","129.412521"
"915",915,"경북소방본부","울진소방서","후포","경상북도 울진군 후포면 실배길 28-1","054-780-1421","36.689157","129.445223"
"916",916,"경북소방본부","울진소방서","온정","경상북도 울진군 온정면 백암온천로 1315","054-780-1431","36.721141","129.347545"
"917",917,"경남소방본부","진주소방서","상대","경남 진주시 동진로 249","055-760-9360","35.18037","128.118474"
"918",918,"경남소방본부","진주소방서","중앙","경남 진주시 북장대로 64번길 14","055-760-9370","35.195894","128.074566"
"919",919,"경남소방본부","진주소방서","천전","경남 진주시 강남로 167번길 16","055-760-9380","35.182855","128.094086"
"920",920,"경남소방본부","진주소방서","평거","경남 진주시 순환로 565","055-760-9390","35.174113","128.058799"
"921",921,"경남소방본부","진주소방서","문산","경남 진주시 문산읍 월아산로 979","055-160-9400","35.158779","128.163599"
"922",922,"경남소방본부","통영소방서","죽림","경남 통영시 광도면 죽림4로 49","055-640-9361","34.883531","128.419018"
"923",923,"경남소방본부","통영소방서","무전","경남 통영시 원문로 71","055-640-9422","34.859273","128.4208"
"924",924,"경남소방본부","통영소방서","서호","경남 통영시 중앙로 91-8","055-640-9371","34.842286","128.4192"
"925",925,"경남소방본부","통영소방서","도남","경남 통영시 도남로257","055-640-9385","34.82834","128.432252"
"926",926,"경남소방본부","사천소방서","동금","경남 사천시 남일로 29","055-830-4000","34.93314","128.079761"
"927",927,"경남소방본부","사천소방서","사남","경남 사천시 사남면 공단2로 53","055-830-9410","35.06425","128.067469"
"928",928,"경남소방본부","사천소방서","사천읍","경남 사천시 사천읍 무산로 21","055-830-9420","35.087671","128.087711"
"929",929,"경남소방본부","사천소방서","곤양","경남 사천시 곤양면 곤북로 64","055-850-9430","35.055526","127.954291"
"930",930,"경남소방본부","김해동부소방서","삼정","경남 김해시 김해대로 2507","055-320-9360","35.228597","128.901397"
"931",931,"경남소방본부","김해동부소방서","동상","경남 김해시 분성로 335번지 38-1","055-320-9370","35.233766","128.882659"
"932",932,"경남소방본부","김해동부소방서","내외","경남 김해시 내외로 77","055-320-9380","35.234962","128.865503"
"933",933,"경남소방본부","김해동부소방서","상동","경남 김해시 상동면 상동로 637","055-320-9460","35.312017","128.937869"
"934",934,"경남소방본부","김해동부소방서","생림","경남 김해시 생림면 봉림로 106","055-320-9440","35.333723","128.847322"
"935",935,"경남소방본부","김해동부소방서","북부","경남 김해시 해반천로 166","055-320-9470","35.262927","128.867607"
"936",936,"경남소방본부","김해서부소방서","진영","경남 김해시 진영읍 장등로 4","055-344-9380","35.306638","128.735351"
"937",937,"경남소방본부","김해서부소방서","장유","경남 김해시 장유면 번화2로 12","055-344-9360","35.190191","128.806266"
"938",938,"경남소방본부","김해서부소방서","진례","경남 김해시 진례면 담안로 50","055-344-9370","35.25263","128.753164"
"939",939,"경남소방본부","김해서부소방서","한림","경남 김해시 한림면 한림로 401번길 50","055-344-9410","35.323251","128.800391"
"940",940,"경남소방본부","김해서부소방서","주촌","경남 김해시 주촌면 서부로 1784","055-344-9390","35.234986","128.845427"
"941",941,"경남소방본부","밀양소방서","삼문","경남 밀양시 밀양대로 1760","055-350-9362","35.482811","128.753405"
"942",942,"경남소방본부","밀양소방서","하남","경남 밀양시 하남읍 명례로 108","055-350-9385","35.368426","128.733158"
"943",943,"경남소방본부","밀양소방서","가곡","경남 밀양시 용두로 5","055-350-9374","35.478589","128.764787"
"944",944,"경남소방본부","밀양소방서","삼랑진","경남 밀양시 삼랑진읍 삼랑진로 16-3","055-350-9392","35.384041","128.822859"
"945",945,"경남소방본부","밀양소방서","산동","경남 밀양시 산외면 산외로 679","055-350-9402","35.509747","128.837299"
"946",946,"경남소방본부","거제소방서","장승포","경남 거제시 능포로 77","055-689-9370","34.871509","128.7291"
"947",947,"경남소방본부","거제소방서","옥포","경남 거제시 진목로 1","055-689-9361","34.89614","128.686169"
"948",948,"경남소방본부","거제소방서","신현","경남 거제시 계룡로 52","055-689-9380","34.875791","128.62686"
"949",949,"경남소방본부","거제소방서","거제","경남 거제시 거제면 거제남서로 3429","055-689-9400","34.847259","128.589036"
"950",950,"경남소방본부","거제소방서","연초","경남 거제시 연초면 거제북로1","055-689-9410","34.912275","128.652641"
"951",951,"경남소방본부","거제소방서","동부","경남 거제시 동부면 거제대로 957","055-689-9420","34.775374","128.641313"
"952",952,"경남소방본부","양산소방서","중앙","경남 양산시 신기로 13","055-379-9370","35.352117","129.042449"
"953",953,"경남소방본부","양산소방서","웅상","경남 양산시 웅상대로 1120","055-379-9380","35.397985","129.162494"
"954",954,"경남소방본부","양산소방서","물금","경남 양산시 물금읍 황산로 719","055-379-9360","35.334038","129.010028"
"955",955,"경남소방본부","양산소방서","하북","경남 양산시 하북면 양산대로 2255-38","055-379-9390","35.46314","129.080179"
"956",956,"경남소방본부","양산소방서","중부","경남 양산시 양산역 6길 27","055-379-9330","35.337282","129.028981"
"957",957,"경남소방본부","양산소방서","평산","경남 양산시 내연4길 9","055-379-9320","35.37502","129.146858"
"958",958,"경남소방본부","의령소방서","의령","경남 의령군 의령읍 의병로 108-17","055-570-9310","35.319584","128.248332"
"959",959,"경남소방본부","의령소방서","부림","경남 의령군 부림면 대한로 1666","055-570-9320","35.463711","128.314714"
"960",960,"경남소방본부","함안소방서","가야","경남 함안군 가야읍 선왕길 59","055-580-9300","35.285943","128.399676"
"961",961,"경남소방본부","함안소방서","칠원","경남 함안군 칠원읍 용산2길 121","055-580-9330","35.311836","128.513848"
"962",962,"경남소방본부","함안소방서","군북","경남 함안군 군북면 함마대로 760","055-580-9340","35.264562","128.343283"
"963",963,"경남소방본부","창녕소방서","창녕","경남 창녕군 대지면 우포2로 1097","055-259-9360","35.550449","128.479127"
"964",964,"경남소방본부","창녕소방서","남지","경남 창녕군 남지읍 동포로 64","055-259-9370","35.394942","128.48091"
"965",965,"경남소방본부","창녕소방서","부곡","경남 창녕군 부곡면 원앙로 184","055-259-9380","35.437728","128.58861"
"966",966,"경남소방본부","고성소방서","고성","경남 고성군 고성읍 남해안대로 2670","055-670-9310","34.981121","128.33104"
"967",967,"경남소방본부","고성소방서","회화","경남 고성군 회화면 영회로 2211","055-670-9320","35.058779","128.366582"
"968",968,"경남소방본부","고성소방서","거류","경남 고성군 거류면 봉암 1길 9","055-670-9340","35.001193","128.402901"
"969",969,"경남소방본부","남해소방서","남해","경남 남해군 남해읍 스포츠로 81","055-860-9360","34.829589","127.892688"
"970",970,"경남소방본부","남해소방서","삼동","경남 남해군 삼동면 동부대로 1795","055-860-9370","34.829656","128.006133"
"971",971,"경남소방본부","하동소방서","금성","경남 하동군 금성면 금성로 15","055-880-9322","34.977882","127.795542"
"972",972,"경남소방본부","하동소방서","하동","경남 하동군 적량면 공설운동장로 169","055-880-9360","35.062271","127.774332"
"973",973,"경남소방본부","하동소방서","진교","경남 하동군 진교면 진양로 27","055-880-9370","35.025304","127.901341"
"974",974,"경남소방본부","산청소방서","산청","경남 산청군 산청읍 중앙로 76-7","055-970-9310","35.415243","127.883457"
"975",975,"경남소방본부","산청소방서","단성","경남 산청군 단성면 사직단로 447-8","055-970-9320","35.297805","127.958331"
"976",976,"경남소방본부","함양소방서","함양","경남 함양군 함양읍 인당강변길 58","055-960-9311","35.510039","127.732294"
"977",977,"경남소방본부","함양소방서","안의","경남 함양군 안의면 금성길 19","055-960-9321","35.629165","127.810365"
"978",978,"경남소방본부","거창소방서","대평","경남 거창군 거창읍 거함대로 3324","055-940-9361","35.677612","127.923454"
"979",979,"경남소방본부","거창소방서","위천","경남 거창군 위천면 원학길 321","055-940-9371","35.749241","127.832688"
"980",980,"경남소방본부","거창소방서","가조","경남 거창군 가조면 마상3길 32","055-940-9381","35.711518","128.0165"
"981",981,"경남소방본부","합천소방서","합천","경남 합천군 합천읍 인덕로 2453","055-930-9300","35.572808","128.148537"
"982",982,"경남소방본부","합천소방서","초계","경남 합천군 초계면 양동로 6-16","055-930-9320","35.5569","128.26165"
"983",983,"제주소방본부","제주소방서","이도","제주특별자치도 제주시 중앙로 342","064-756-1175","33.490889","126.536659"
"984",984,"제주소방본부","제주소방서","삼도","제주특별자치도 제주시 탑동로 101","064-756-4258","33.515857","126.517103"
"985",985,"제주소방본부","제주소방서","오라","제주특별자치도 제주시 서광로2길 24","064-756-1176","33.495062","126.518797"
"986",986,"제주소방본부","제주소방서","연동","제주특별자치도 제주시 문송길 14","064-743-2119","33.488478","126.497118"
"987",987,"제주소방본부","제주소방서","항만","제주특별자치도 제주시 임항로 146","064-756-1178","33.520014","126.539041"
"988",988,"제주소방본부","제주소방서","화북","제주특별자치도 제주시 동화로1길 3","064-726-6119","33.519428","126.573496"
"989",989,"제주소방본부","제주소방서","노형","제주특별자치도 제주시 광평동로 2","064-742-5119","33.481085","126.472242"
"990",990,"제주소방본부","서귀포소방서","동홍","제주특별자치도 서귀포시 동홍로 31","064-762-1119","33.251261","126.567"
"991",991,"제주소방본부","서귀포소방서","중문","제주특별자치도 서귀포시 천제연로 164","064-738-0119","33.252053","126.422114"
"992",992,"제주소방본부","서귀포소방서","대륜","제주특별자치도 서귀포시 신중로 46","064-739-0119","33.254698","126.509909"
"993",993,"제주소방본부","서귀포소방서","효돈","제주특별자치도 서귀포시 일주동로 8234","064-767-2119","33.260782","126.607759"
"994",994,"제주소방본부","서부소방서_제주","한림","제주특별자치도 제주시 한림읍 한림중앙로 150","064-796-2119","33.402523","126.270278"
"995",995,"제주소방본부","서부소방서_제주","애월","제주특별자치도 제주시 애월읍 일주서로 6513","064-799-3119","33.466664","126.348761"
"996",996,"제주소방본부","서부소방서_제주","대정","제주특별자치도 서귀포시 대정읍 일주서로 2717","064-794-1119","33.232515","126.240855"
"997",997,"제주소방본부","서부소방서_제주","한경","제주특별자치도 제주시 한경면 일주서로 4218","064-773-0119","33.342697","126.182849"
"998",998,"제주소방본부","서부소방서_제주","안덕","제주특별자치도 서귀포시 안덕면 화순서서로 2","064-794-9119","33.251127","126.330822"
"999",999,"제주소방본부","서부소방서_제주","영어교육도시","제주특별자치도 서귀포시 대정읍 에듀시티로 238","064-792-5119","33.278964","126.273359"
"1000",1000,"제주소방본부","동부소방서_제주","동부(제주)_성산","제주특별자치도 서귀포시 성산읍 일주동로 4120번길 7","064-782-0119","33.460289","126.909649"
"1001",1001,"제주소방본부","동부소방서_제주","구좌","제주특별자치도 제주시 구좌읍 세화14길 8","064-783-0119","33.520306","126.86009"
"1002",1002,"제주소방본부","동부소방서_제주","조천","제주특별자치도 제주시 조천읍 신북로 337","064-782-6119","33.541079","126.646877"
"1003",1003,"제주소방본부","동부소방서_제주","남원","제주특별자치도 서귀포시 남원읍 남원체육관로221번길 23","064-764-0119","33.281493","126.708432"
"1004",1004,"제주소방본부","동부소방서_제주","표선","제주특별자치도 서귀포시 표선면 표선관정로 39-16","064-787-0119","33.327167","126.827722"
"1005",1005,"창원소방본부","창원소방서","창원_신월","경남 창원시 의창구 상남로 165 신월119안전센터","055-211-9361","35.227473","128.685589"
"1006",1006,"창원소방본부","창원소방서","창원_외동","경남 창원시 성산구 창원대로 786 외동119안전센터","055-211-9381","35.214003","128.675892"
"1007",1007,"창원소방본부","창원소방서","소답","경남 창원시 의창구 의안로44번길 5 소답119안전센터","055-211-9421","35.265713","128.624618"
"1008",1008,"창원소방본부","창원소방서","봉곡","경남 창원시 의창구 지귀로 127 봉곡119안전센터","055-211-9391","35.245134","128.658714"
"1009",1009,"창원소방본부","창원소방서","차룡","경남 창원시 의창구 창원대로204번길 15 차룡119안전센터","055-211-9411","35.242912","128.6229"
"1010",1010,"창원소방본부","창원소방서","가음정","경남 창원시 성산구 대정로 39 가음정119안전센터","055-211-9371","35.207851","128.698564"
"1011",1011,"창원소방본부","창원소방서","대원","경남 창원시 의창구 두대로55번길 11 대원119안전센터","055-211-9401","35.232832","128.650827"
"1012",1012,"창원소방본부","창원소방서","동읍","경남 창원시 의창구 동읍 동읍로71번길 14-14 동읍119안전센터","055-211-9431","35.281061","128.682625"
"1013",1013,"창원소방본부","창원소방서","대산","경남 창원시 의창구 대산면 봉강가술로 583 대산119안전센터","055-211-9451","35.333417","128.705788"
"1014",1014,"창원소방본부","창원소방서","웅남","경남 창원시 성산구 봉양로 406 웅남119안전센터","055-211-9461","35.207755","128.626956"
"1015",1015,"창원소방본부","창원소방서","북면","경남 창원시 의창구 북면 천주로1150번길 15-22 북면119안전센터","055-211-9441","35.352849","128.610974"
"1016",1016,"창원소방본부","마산소방서","마산_중앙","경남 창원시 마산합포구 제2부두로 55 중앙119안전센터","055-249-9360","35.198117","128.574765"
"1017",1017,"창원소방본부","마산소방서","남성","경남 창원시 마산합포구 남성로 114 남성119안전센터","055-249-9380","35.204852","128.575157"
"1018",1018,"창원소방본부","마산소방서","삼진","경남 창원시 마산합포구 진동면 해양관광로 52 삼진119안전센터","055-249-9390","35.110906","128.489123"
"1019",1019,"창원소방본부","마산소방서","석전","경남 창원시 마산회원구 양덕옛1길 62 석전119안전센터","055-249-9400","35.227331","128.575589"
"1020",1020,"창원소방본부","마산소방서","양봉","경남 창원시 마산회원구 자유무역1길 22 양봉119안전센터","055-249-9410","35.212022","128.589001"
"1021",1021,"창원소방본부","마산소방서","마산_구암","경남 창원시 마산회원구 팔용로 260 구암119안전센터","055-249-9420","35.248318","128.599298"
"1022",1022,"창원소방본부","마산소방서","내서","경남 창원시 마산회원구 내서읍 중리공단로 104 내서119안전센터","055-249-9430","35.240202","128.509684"
"1023",1023,"창원소방본부","마산소방서","호계","경남 창원시 마산회원구 내서읍 호계본동3길 59-10 호계119안전센터","055-249-9440","35.267718","128.52082"
"1024",1024,"창원소방본부","진해소방서(본부)","대흥","경남 창원시 진해구 백구로 72 대흥119안전센터","055-548-9361","35.151038","128.658434"
"1025",1025,"창원소방본부","진해소방서(본부)","진해(본부)_이동","경남 창원시 진해구 충장로 434 이동119안전센터","055-548-9371","35.149917","128.697425"
"1026",1026,"창원소방본부","진해소방서(본부)","웅동","경남 창원시 진해구 남의로 11 웅동119안전센터","055-548-9381","35.115798","128.783064"
"1027",1027,"창원소방본부","진해소방서(본부)","용원","경남 창원시 진해구 용원로 43 용원119안전센터","055-548-9391","35.099902","128.814112"
